0,1,2,3,4,5,6,7
0.0,0.0,0.0,0.0,0.0,0.0,0.0,0.0
0.0,0.0,0.0,0.0,0.0,0.0,0.0,0.0
0.0,0.0,0.0,0.0,0.0,0.0,0.0,0.0
0.0,0.0,0.0,0.0,0.0,0.0,0.0,0.0
0.0,0.0,0.0,0.0,0.0,0.0,0.0,0.0
0.0,0.0,0.0,0.0,0.0,0.0,0.0,0.0
0.0,0.0,0.0,0.0,0.0,0.0,0.0,0.0
0.0,0.0,0.0,0.0,0.0,0.0,0.0,0.0
0.0,0.0,0.0,0.0,0.0,0.0,0.0,0.0
0.0,0.0,0.0,0.0,0.0,0.0,0.0,0.0
0.0,0.0,0.0,0.0,0.0,0.0,0.0,0.0
0.0,0.0,0.0,0.0,0.0,0.0,0.0,0.0
0.0,0.0,0.0,0.0,0.0,0.0,0.0,0.0
0.0,0.0,0.0,0.0,0.0,0.0,0.0,0.0
0.0,0.0,0.0,0.0,0.0,0.0,0.0,0.0
0.0,0.0,0.0,0.0,0.0,0.0,0.0,0.0
0.0,0.0,0.0,0.0,0.0,0.0,0.0,0.0
0.0,0.0,0.0,0.0,0.0,0.0,0.0,0.0
0.0,0.0,0.0,0.0,0.0,0.0,0.0,0.0
0.0,0.0,0.0,0.0,0.0,0.0,0.0,0.0
0.0,0.0,0.0,0.0,0.0,0.0,0.0,0.0
0.0,0.0,0.0,0.0,0.0,0.0,0.0,0.0
0.0,0.0,0.0,0.0,0.0,0.0,0.0,0.0
0.0,0.0,0.0,0.0,0.0,0.0,0.0,0.0
0.0,0.0,0.0,0.0,0.0,0.0,0.0,0.0
0.0,0.0,0.0,0.0,0.0,0.0,0.0,0.0
0.0,0.0,0.0,0.0,0.0,0.0,0.0,0.0
0.0,0.0,0.0,0.0,0.0,0.0,0.0,0.0
0.0,0.0,0.0,0.0,0.0,0.0,0.0,0.0
0.0,0.0,0.0,0.0,0.0,0.0,0.0,0.0
0.0,0.0,0.0,0.0,0.0,0.0,0.0,0.0
0.0,0.0,0.0,0.0,0.0,0.0,0.0,0.0
0.0,0.0,0.0,0.0,0.0,0.0,0.0,0.0
0.0,0.0,0.0,0.0,0.0,0.0,0.0,0.0
0.0,0.0,0.0,0.0,0.0,0.0,0.0,0.0
0.0,0.0,0.0,0.0,0.0,0.0,0.0,0.0
0.0,0.0,0.0,0.0,0.0,0.0,0.0,0.0
0.0,0.0,0.0,0.0,0.0,0.0,0.0,0.0
0.0,0.0,0.0,0.0,0.0,0.0,0.0,0.0
0.0,0.0,0.0,0.0,0.0,0.0,0.0,0.0
0.0,0.0,0.0,0.0,0.0,0.0,0.0,0.0
0.0,0.0,0.0,0.0,0.0,0.0,0.0,0.0
0.0,0.0,0.0,0.0,0.0,0.0,0.0,0.0
0.0,0.0,0.0,0.0,0.0,0.0,0.0,0.0
0.0,0.0,0.0,0.0,0.0,0.0,0.0,0.0
0.0,0.0,0.0,0.0,0.0,0.0,0.0,0.0
0.0,0.0,0.0,0.0,0.0,0.0,0.0,0.0
0.0,0.0,0.0,0.0,0.0,0.0,0.0,0.0
0.0,0.0,0.0,0.0,0.0,0.0,0.0,0.0
0.0,0.0,0.0,0.0,0.0,0.0,0.0,0.0
0.0,0.0,0.0,0.0,0.0,0.0,0.0,0.0
0.0,0.0,0.0,0.0,0.0,0.0,0.0,0.0
0.0,0.0,0.0,0.0,0.0,0.0,0.0,0.0
0.0,0.0,0.0,0.0,0.0,0.0,0.0,0.0
0.0,0.0,0.0,0.0,0.0,0.0,0.0,0.0
0.0,0.0,0.0,0.0,0.0,0.0,0.0,0.0
0.0,0.0,0.0,0.0,0.0,0.0,0.0,0.0
0.0,0.0,0.0,0.0,0.0,0.0,0.0,0.0
0.0,0.0,0.0,0.0,0.0,0.0,0.0,0.0
0.0,0.0,0.0,0.0,0.0,0.0,0.0,0.0
0.0,0.0,0.0,0.0,0.0,0.0,0.0,0.0
0.0,0.0,0.0,0.0,0.0,0.0,0.0,0.0
0.0,0.0,0.0,0.0,0.0,0.0,0.0,0.0
0.0,0.0,0.0,0.0,0.0,0.0,0.0,0.0
0.0,0.0,0.0,0.0,0.0,0.0,0.0,0.0
0.0,0.0,0.0,0.0,0.0,0.0,0.0,0.0
0.0,0.0,0.0,0.0,0.0,0.0,0.0,0.0
0.0,0.0,0.0,0.0,0.0,0.0,0.0,0.0
0.0,0.0,0.0,0.0,0.0,0.0,0.0,0.0
0.0,0.0,0.0,0.0,0.0,0.0,0.0,0.0
0.0,0.0,0.0,0.0,0.0,0.0,0.0,0.0
0.0,0.0,0.0,0.0,0.0,0.0,0.0,0.0
0.0,0.0,0.0,0.0,0.0,0.0,0.0,0.0
0.0,0.0,0.0,0.0,0.0,0.0,0.0,0.0
0.0,0.0,0.0,0.0,0.0,0.0,0.0,0.0
0.0,0.0,0.0,0.0,0.0,0.0,0.0,0.0
0.0,0.0,0.0,0.0,0.0,0.0,0.0,0.0
0.0,0.0,0.0,0.0,0.0,0.0,0.0,0.0
0.0,0.0,0.0,0.0,0.0,0.0,0.0,0.0
0.0,0.0,0.0,0.0,0.0,0.0,0.0,0.0
0.0,0.0,0.0,0.0,0.0,0.0,0.0,0.0
0.0,0.0,0.0,0.0,0.0,0.0,0.0,0.0
0.0,0.0,0.0,0.0,0.0,0.0,0.0,0.0
0.0,0.0,0.0,0.0,0.0,0.0,0.0,0.0
0.0,0.0,0.0,0.0,0.0,0.0,0.0,0.0
0.0,0.0,0.0,0.0,0.0,0.0,0.0,0.0
0.0,0.0,0.0,0.0,0.0,0.0,0.0,0.0
0.0,0.0,0.0,0.0,0.0,0.0,0.0,0.0
0.0,0.0,0.0,0.0,0.0,0.0,0.0,0.0
0.0,0.0,0.0,0.0,0.0,0.0,0.0,0.0
0.0,0.0,0.0,0.0,0.0,0.0,0.0,0.0
0.0,0.0,0.0,0.0,0.0,0.0,0.0,0.0
0.0,0.0,0.0,0.0,0.0,0.0,0.0,0.0
0.0,0.0,0.0,0.0,0.0,0.0,0.0,0.0
0.0,0.0,0.0,0.0,0.0,0.0,0.0,0.0
0.0,0.0,0.0,0.0,0.0,0.0,0.0,0.0
0.0,0.0,0.0,0.0,0.0,0.0,0.0,0.0
0.0,0.0,0.0,0.0,0.0,0.0,0.0,0.0
0.0,0.0,0.0,0.0,0.0,0.0,0.0,0.0
0.0,0.0,0.0,0.0,0.0,0.0,0.0,0.0
0.0,0.0,0.0,0.0,0.0,0.0,0.0,0.0
0.0,0.0,0.0,0.0,0.0,0.0,0.0,0.0
0.0,0.0,0.0,0.0,0.0,0.0,0.0,0.0
0.0,0.0,0.0,0.0,0.0,0.0,0.0,0.0
0.0,0.0,0.0,0.0,0.0,0.0,0.0,0.0
0.0,0.0,0.0,0.0,0.0,0.0,0.0,0.0
0.0,0.0,0.0,0.0,0.0,0.0,0.0,0.0
0.0,0.0,0.0,0.0,0.0,0.0,0.0,0.0
0.0,0.0,0.0,0.0,0.0,0.0,0.0,0.0
0.0,0.0,0.0,0.0,0.0,0.0,0.0,0.0
0.0,0.0,0.0,0.0,0.0,0.0,0.0,0.0
0.0,0.0,0.0,0.0,0.0,0.0,0.0,0.0
0.0,0.0,0.0,0.0,0.0,0.0,0.0,0.0
0.0,0.0,0.0,0.0,0.0,0.0,0.0,0.0
0.0,0.0,0.0,0.0,0.0,0.0,0.0,0.0
0.0,0.0,0.0,0.0,0.0,0.0,0.0,0.0
0.0,0.0,0.0,0.0,0.0,0.0,0.0,0.0
0.0,0.0,0.0,0.0,0.0,0.0,0.0,0.0
0.0,0.0,0.0,0.0,0.0,0.0,0.0,0.0
0.0,0.0,0.0,0.0,0.0,0.0,0.0,0.0
0.0,0.0,0.0,0.0,0.0,0.0,0.0,0.0
0.0,0.0,0.0,0.0,0.0,0.0,0.0,0.0
0.0,0.0,0.0,0.0,0.0,0.0,0.0,0.0
0.0,0.0,0.0,0.0,0.0,0.0,0.0,0.0
0.0,0.0,0.0,0.0,0.0,0.0,0.0,0.0
0.0,0.0,0.0,0.0,0.0,0.0,0.0,0.0
0.0,0.0,0.0,0.0,0.0,0.0,0.0,0.0
0.0,0.0,0.0,0.0,0.0,0.0,0.0,0.0
0.0,0.0,0.0,0.0,0.0,0.0,0.0,0.0
0.0,0.0,0.0,0.0,0.0,0.0,0.0,0.0
0.0,0.0,0.0,0.0,0.0,0.0,0.0,0.0
0.0,0.0,0.0,0.0,0.0,0.0,0.0,0.0
0.0,0.0,0.0,0.0,0.0,0.0,0.0,0.0
0.0,0.0,0.0,0.0,0.0,0.0,0.0,0.0
0.0,0.0,0.0,0.0,0.0,0.0,0.0,0.0
0.0,0.0,0.0,0.0,0.0,0.0,0.0,0.0
0.0,0.0,0.0,0.0,0.0,0.0,0.0,0.0
0.0,0.0,0.0,0.0,0.0,0.0,0.0,0.0
0.0,0.0,0.0,0.0,0.0,0.0,0.0,0.0
0.0,0.0,0.0,0.0,0.0,0.0,0.0,0.0
0.0,0.0,0.0,0.0,0.0,0.0,0.0,0.0
0.0,0.0,0.0,0.0,0.0,0.0,0.0,0.0
0.0,0.0,0.0,0.0,0.0,0.0,0.0,0.0
0.0,0.0,0.0,0.0,0.0,0.0,0.0,0.0
0.0,0.0,0.0,0.0,0.0,0.0,0.0,0.0
0.0,0.0,0.0,0.0,0.0,0.0,0.0,0.0
0.0,0.0,0.0,0.0,0.0,0.0,0.0,0.0
0.0,0.0,0.0,0.0,0.0,0.0,0.0,0.0
0.0,0.0,0.0,0.0,0.0,0.0,0.0,0.0
0.0,0.0,0.0,0.0,0.0,0.0,0.0,0.0
0.0,0.0,0.0,0.0,0.0,0.0,0.0,0.0
0.0,0.0,0.0,0.0,0.0,0.0,0.0,0.0
0.0,0.0,0.0,0.0,0.0,0.0,0.0,0.0
0.0,0.0,0.0,0.0,0.0,0.0,0.0,0.0
0.0,0.0,0.0,0.0,0.0,0.0,0.0,0.0
0.0,0.0,0.0,0.0,0.0,0.0,0.0,0.0
0.0,0.0,0.0,0.0,0.0,0.0,0.0,0.0
0.0,0.0,0.0,0.0,0.0,0.0,0.0,0.0
0.0,0.0,0.0,0.0,0.0,0.0,0.0,0.0
0.0,0.0,0.0,0.0,0.0,0.0,0.0,0.0
0.0,0.0,0.0,0.0,0.0,0.0,0.0,0.0
0.0,0.0,0.0,0.0,0.0,0.0,0.0,0.0
0.0,0.0,0.0,0.0,0.0,0.0,0.0,0.0
0.0,0.0,0.0,0.0,0.0,0.0,0.0,0.0
0.0,0.0,0.0,0.0,0.0,0.0,0.0,0.0
0.0,0.0,0.0,0.0,0.0,0.0,0.0,0.0
0.0,0.0,0.0,0.0,0.0,0.0,0.0,0.0
0.0,0.0,0.0,0.0,0.0,0.0,0.0,0.0
0.0,0.0,0.0,0.0,0.0,0.0,0.0,0.0
0.0,0.0,0.0,0.0,0.0,0.0,0.0,0.0
0.0,0.0,0.0,0.0,0.0,0.0,0.0,0.0
0.0,0.0,0.0,0.0,0.0,0.0,0.0,0.0
0.0,0.0,0.0,0.0,0.0,0.0,0.0,0.0
0.0,0.0,0.0,0.0,0.0,0.0,0.0,0.0
0.0,0.0,0.0,0.0,0.0,0.0,0.0,0.0
0.0,0.0,0.0,0.0,0.0,0.0,0.0,0.0
0.0,0.0,0.0,0.0,0.0,0.0,0.0,0.0
0.0,0.0,0.0,0.0,0.0,0.0,0.0,0.0
0.0,0.0,0.0,0.0,0.0,0.0,0.0,0.0
0.0,0.0,0.0,0.0,0.0,0.0,0.0,0.0
0.0,0.0,0.0,0.0,0.0,0.0,0.0,0.0
0.0,0.0,0.0,0.0,0.0,0.0,0.0,0.0
0.0,0.0,0.0,0.0,0.0,0.0,0.0,0.0
0.0,0.0,0.0,0.0,0.0,0.0,0.0,0.0
0.0,0.0,0.0,0.0,0.0,0.0,0.0,0.0
0.0,0.0,0.0,0.0,0.0,0.0,0.0,0.0
0.0,0.0,0.0,0.0,0.0,0.0,0.0,0.0
0.0,0.0,0.0,0.0,0.0,0.0,0.0,0.0
0.0,0.0,0.0,0.0,0.0,0.0,0.0,0.0
0.0,0.0,0.0,0.0,0.0,0.0,0.0,0.0
0.0,0.0,0.0,0.0,0.0,0.0,0.0,0.0
0.0,0.0,0.0,0.0,0.0,0.0,0.0,0.0
0.0,0.0,0.0,0.0,0.0,0.0,0.0,0.0
0.0,0.0,0.0,0.0,0.0,0.0,0.0,0.0
0.0,0.0,0.0,0.0,0.0,0.0,0.0,0.0
0.0,0.0,0.0,0.0,0.0,0.0,0.0,0.0
0.0,0.0,0.0,0.0,0.0,0.0,0.0,0.0
0.0,0.0,0.0,0.0,0.0,0.0,0.0,0.0
0.0,0.0,0.0,0.0,0.0,0.0,0.0,0.0
0.0,0.0,0.0,0.0,0.0,0.0,0.0,0.0
0.0,0.0,0.0,0.0,0.0,0.0,0.0,0.0
0.0,0.0,0.0,0.0,0.0,0.0,0.0,0.0
0.0,0.0,0.0,0.0,0.0,0.0,0.0,0.0
0.0,0.0,0.0,0.0,0.0,0.0,0.0,0.0
0.0,0.0,0.0,0.0,0.0,0.0,0.0,0.0
0.0,0.0,0.0,0.0,0.0,0.0,0.0,0.0
0.0,0.0,0.0,0.0,0.0,0.0,0.0,0.0
0.0,0.0,0.0,0.0,0.0,0.0,0.0,0.0
0.0,0.0,0.0,0.0,0.0,0.0,0.0,0.0
0.0,0.0,0.0,0.0,0.0,0.0,0.0,0.0
0.0,0.0,0.0,0.0,0.0,0.0,0.0,0.0
0.0,0.0,0.0,0.0,0.0,0.0,0.0,0.0
0.0,0.0,0.0,0.0,0.0,0.0,0.0,0.0
0.0,0.0,0.0,0.0,0.0,0.0,0.0,0.0
0.0,0.0,0.0,0.0,0.0,0.0,0.0,0.0
0.0,0.0,0.0,0.0,0.0,0.0,0.0,0.0
0.0,0.0,0.0,0.0,0.0,0.0,0.0,0.0
0.0,0.0,0.0,0.0,0.0,0.0,0.0,0.0
0.0,0.0,0.0,0.0,0.0,0.0,0.0,0.0
0.0,0.0,0.0,0.0,0.0,0.0,0.0,0.0
0.0,0.0,0.0,0.0,0.0,0.0,0.0,0.0
0.0,0.0,0.0,0.0,0.0,0.0,0.0,0.0
0.0,0.0,0.0,0.0,0.0,0.0,0.0,0.0
0.0,0.0,0.0,0.0,0.0,0.0,0.0,0.0
0.0,0.0,0.0,0.0,0.0,0.0,0.0,0.0
0.0,0.0,0.0,0.0,0.0,0.0,0.0,0.0
0.0,0.0,0.0,0.0,0.0,0.0,0.0,0.0
0.0,0.0,0.0,0.0,0.0,0.0,0.0,0.0
0.0,0.0,0.0,0.0,0.0,0.0,0.0,0.0
0.0,0.0,0.0,0.0,0.0,0.0,0.0,0.0
0.0,0.0,0.0,0.0,0.0,0.0,0.0,0.0
0.0,0.0,0.0,0.0,0.0,0.0,0.0,0.0
0.0,0.0,0.0,0.0,0.0,0.0,0.0,0.0
0.0,0.0,0.0,0.0,0.0,0.0,0.0,0.0
0.0,0.0,0.0,0.0,0.0,0.0,0.0,0.0
0.0,0.0,0.0,0.0,0.0,0.0,0.0,0.0
0.0,0.0,0.0,0.0,0.0,0.0,0.0,0.0
0.0,0.0,0.0,0.0,0.0,0.0,0.0,0.0
0.0,0.0,0.0,0.0,0.0,0.0,0.0,0.0
0.0,0.0,0.0,0.0,0.0,0.0,0.0,0.0
0.0,0.0,0.0,0.0,0.0,0.0,0.0,0.0
0.0,0.0,0.0,0.0,0.0,0.0,0.0,0.0
0.0,0.0,0.0,0.0,0.0,0.0,0.0,0.0
0.0,0.0,0.0,0.0,0.0,0.0,0.0,0.0
0.0,0.0,0.0,0.0,0.0,0.0,0.0,0.0
0.0,0.0,0.0,0.0,0.0,0.0,0.0,0.0
0.0,0.0,0.0,0.0,0.0,0.0,0.0,0.0
0.0,0.0,0.0,0.0,0.0,0.0,0.0,0.0
0.0,0.0,0.0,0.0,0.0,0.0,0.0,0.0
0.0,0.0,0.0,0.0,0.0,0.0,0.0,0.0
0.0,0.0,0.0,0.0,0.0,0.0,0.0,0.0
0.0,0.0,0.0,0.0,0.0,0.0,0.0,0.0
0.0,0.0,0.0,0.0,0.0,0.0,0.0,0.0
0.0,0.0,0.0,0.0,0.0,0.0,0.0,0.0
0.0,0.0,0.0,0.0,0.0,0.0,0.0,0.0
0.0,0.0,0.0,0.0,0.0,0.0,0.0,0.0
0.0,0.0,0.0,0.0,0.0,0.0,0.0,0.0
0.0,0.0,0.0,0.0,0.0,0.0,0.0,0.0
0.0,0.0,0.0,0.0,0.0,0.0,0.0,0.0
0.0,0.0,0.0,0.0,0.0,0.0,0.0,0.0
0.0,0.0,0.0,0.0,0.0,0.0,0.0,0.0
0.0,0.0,0.0,0.0,0.0,0.0,0.0,0.0
0.0,0.0,0.0,0.0,0.0,0.0,0.0,0.0
0.0,0.0,0.0,0.0,0.0,0.0,0.0,0.0
0.0,0.0,0.0,0.0,0.0,0.0,0.0,0.0
0.0,0.0,0.0,0.0,0.0,0.0,0.0,0.0
0.0,0.0,0.0,0.0,0.0,0.0,0.0,0.0
0.0,0.0,0.0,0.0,0.0,0.0,0.0,0.0
0.0,0.0,0.0,0.0,0.0,0.0,0.0,0.0
0.0,0.0,0.0,0.0,0.0,0.0,0.0,0.0
0.0,0.0,0.0,0.0,0.0,0.0,0.0,0.0
0.0,0.0,0.0,0.0,0.0,0.0,0.0,0.0
0.0,0.0,0.0,0.0,0.0,0.0,0.0,0.0
0.0,0.0,0.0,0.0,0.0,0.0,0.0,0.0
0.0,0.0,0.0,0.0,0.0,0.0,0.0,0.0
0.0,0.0,0.0,0.0,0.0,0.0,0.0,0.0
0.0,0.0,0.0,0.0,0.0,0.0,0.0,0.0
0.0,0.0,0.0,0.0,0.0,0.0,0.0,0.0
0.0,0.0,0.0,0.0,0.0,0.0,0.0,0.0
0.0,0.0,0.0,0.0,0.0,0.0,0.0,0.0
0.0,0.0,0.0,0.0,0.0,0.0,0.0,0.0
0.0,0.0,0.0,0.0,0.0,0.0,0.0,0.0
0.0,0.0,0.0,0.0,0.0,0.0,0.0,0.0
0.0,0.0,0.0,0.0,0.0,0.0,0.0,0.0
0.0,0.0,0.0,0.0,0.0,0.0,0.0,0.0
0.0,0.0,0.0,0.0,0.0,0.0,0.0,0.0
0.0,0.0,0.0,0.0,0.0,0.0,0.0,0.0
0.0,0.0,0.0,0.0,0.0,0.0,0.0,0.0
0.0,0.0,0.0,0.0,0.0,0.0,0.0,0.0
0.0,0.0,0.0,0.0,0.0,0.0,0.0,0.0
0.0,0.0,0.0,0.0,0.0,0.0,0.0,0.0
0.0,0.0,0.0,0.0,0.0,0.0,0.0,0.0
0.0,0.0,0.0,0.0,0.0,0.0,0.0,0.0
0.0,0.0,0.0,0.0,0.0,0.0,0.0,0.0
0.0,0.0,0.0,0.0,0.0,0.0,0.0,0.0
0.0,0.0,0.0,0.0,0.0,0.0,0.0,0.0
0.0,0.0,0.0,0.0,0.0,0.0,0.0,0.0
0.0,0.0,0.0,0.0,0.0,0.0,0.0,0.0
0.0,0.0,0.0,0.0,0.0,0.0,0.0,0.0
0.0,0.0,0.0,0.0,0.0,0.0,0.0,0.0
0.0,0.0,0.0,0.0,0.0,0.0,0.0,0.0
0.0,0.0,0.0,0.0,0.0,0.0,0.0,0.0
0.0,0.0,0.0,0.0,0.0,0.0,0.0,0.0
0.0,0.0,0.0,0.0,0.0,0.0,0.0,0.0
0.0,0.0,0.0,0.0,0.0,0.0,0.0,0.0
0.0,0.0,0.0,0.0,0.0,0.0,0.0,0.0
0.0,0.0,0.0,0.0,0.0,0.0,0.0,0.0
0.0,0.0,0.0,0.0,0.0,0.0,0.0,0.0
0.0,0.0,0.0,0.0,0.0,0.0,0.0,0.0
0.0,0.0,0.0,0.0,0.0,0.0,0.0,0.0
0.0,0.0,0.0,0.0,0.0,0.0,0.0,0.0
0.0,0.0,0.0,0.0,0.0,0.0,0.0,0.0
0.0,0.0,0.0,0.0,0.0,0.0,0.0,0.0
0.0,0.0,0.0,0.0,0.0,0.0,0.0,0.0
0.0,0.0,0.0,0.0,0.0,0.0,0.0,0.0
0.0,0.0,0.0,0.0,0.0,0.0,0.0,0.0
0.0,0.0,0.0,0.0,0.0,0.0,0.0,0.0
0.0,0.0,0.0,0.0,0.0,0.0,0.0,0.0
0.0,0.0,0.0,0.0,0.0,0.0,0.0,0.0
0.0,0.0,0.0,0.0,0.0,0.0,0.0,0.0
0.0,0.0,0.0,0.0,0.0,0.0,0.0,0.0
0.0,0.0,0.0,0.0,0.0,0.0,0.0,0.0
0.0,0.0,0.0,0.0,0.0,0.0,0.0,0.0
0.0,0.0,0.0,0.0,0.0,0.0,0.0,0.0
0.0,0.0,0.0,0.0,0.0,0.0,0.0,0.0
0.0,0.0,0.0,0.0,0.0,0.0,0.0,0.0
0.0,0.0,0.0,0.0,0.0,0.0,0.0,0.0
0.0,0.0,0.0,0.0,0.0,0.0,0.0,0.0
0.0,0.0,0.0,0.0,0.0,0.0,0.0,0.0
0.0,0.0,0.0,0.0,0.0,0.0,0.0,0.0
0.0,0.0,0.0,0.0,0.0,0.0,0.0,0.0
0.0,0.0,0.0,0.0,0.0,0.0,0.0,0.0
0.0,0.0,0.0,0.0,0.0,0.0,0.0,0.0
0.0,0.0,0.0,0.0,0.0,0.0,0.0,0.0
0.0,0.0,0.0,0.0,0.0,0.0,0.0,0.0
0.0,0.0,0.0,0.0,0.0,0.0,0.0,0.0
0.0,0.0,0.0,0.0,0.0,0.0,0.0,0.0
0.0,0.0,0.0,0.0,0.0,0.0,0.0,0.0
0.0,0.0,0.0,0.0,0.0,0.0,0.0,0.0
0.0,0.0,0.0,0.0,0.0,0.0,0.0,0.0
0.0,0.0,0.0,0.0,0.0,0.0,0.0,0.0
0.0,0.0,0.0,0.0,0.0,0.0,0.0,0.0
0.0,0.0,0.0,0.0,0.0,0.0,0.0,0.0
0.0,0.0,0.0,0.0,0.0,0.0,0.0,0.0
0.0,0.0,0.0,0.0,0.0,0.0,0.0,0.0
0.0,0.0,0.0,0.0,0.0,0.0,0.0,0.0
0.0,0.0,0.0,0.0,0.0,0.0,0.0,0.0
0.0,0.0,0.0,0.0,0.0,0.0,0.0,0.0
0.0,0.0,0.0,0.0,0.0,0.0,0.0,0.0
0.0,0.0,0.0,0.0,0.0,0.0,0.0,0.0
0.0,0.0,0.0,0.0,0.0,0.0,0.0,0.0
0.0,0.0,0.0,0.0,0.0,0.0,0.0,0.0
0.0,0.0,0.0,0.0,0.0,0.0,0.0,0.0
0.0,0.0,0.0,0.0,0.0,0.0,0.0,0.0
0.0,0.0,0.0,0.0,0.0,0.0,0.0,0.0
0.0,0.0,0.0,0.0,0.0,0.0,0.0,0.0
0.0,0.0,0.0,0.0,0.0,0.0,0.0,0.0
0.0,0.0,0.0,0.0,0.0,0.0,0.0,0.0
0.0,0.0,0.0,0.0,0.0,0.0,0.0,0.0
0.0,0.0,0.0,0.0,0.0,0.0,0.0,0.0
0.0,0.0,0.0,0.0,0.0,0.0,0.0,0.0
0.0,0.0,0.0,0.0,0.0,0.0,0.0,0.0
0.0,0.0,0.0,0.0,0.0,0.0,0.0,0.0
0.0,0.0,0.0,0.0,0.0,0.0,0.0,0.0
0.0,0.0,0.0,0.0,0.0,0.0,0.0,0.0
0.0,0.0,0.0,0.0,0.0,0.0,0.0,0.0
0.0,0.0,0.0,0.0,0.0,0.0,0.0,0.0
0.0,0.0,0.0,0.0,0.0,0.0,0.0,0.0
0.0,0.0,0.0,0.0,0.0,0.0,0.0,0.0
0.0,0.0,0.0,0.0,0.0,0.0,0.0,0.0
0.0,0.0,0.0,0.0,0.0,0.0,0.0,0.0
0.0,0.0,0.0,0.0,0.0,0.0,0.0,0.0
0.0,0.0,0.0,0.0,0.0,0.0,0.0,0.0
0.0,0.0,0.0,0.0,0.0,0.0,0.0,0.0
0.0,0.0,0.0,0.0,0.0,0.0,0.0,0.0
0.0,0.0,0.0,0.0,0.0,0.0,0.0,0.0
0.0,0.0,0.0,0.0,0.0,0.0,0.0,0.0
0.0,0.0,0.0,0.0,0.0,0.0,0.0,0.0
0.0,0.0,0.0,0.0,0.0,0.0,0.0,0.0
0.0,0.0,0.0,0.0,0.0,0.0,0.0,0.0
0.0,0.0,0.0,0.0,0.0,0.0,0.0,0.0
0.0,0.0,0.0,0.0,0.0,0.0,0.0,0.0
0.0,0.0,0.0,0.0,0.0,0.0,0.0,0.0
0.0,0.0,0.0,0.0,0.0,0.0,0.0,0.0
0.0,0.0,0.0,0.0,0.0,0.0,0.0,0.0
0.0,0.0,0.0,0.0,0.0,0.0,0.0,0.0
0.0,0.0,0.0,0.0,0.0,0.0,0.0,0.0
0.0,0.0,0.0,0.0,0.0,0.0,0.0,0.0
0.0,0.0,0.0,0.0,0.0,0.0,0.0,0.0
0.0,0.0,0.0,0.0,0.0,0.0,0.0,0.0
0.0,0.0,0.0,0.0,0.0,0.0,0.0,0.0
0.0,0.0,0.0,0.0,0.0,0.0,0.0,0.0
0.0,0.0,0.0,0.0,0.0,0.0,0.0,0.0
0.0,0.0,0.0,0.0,0.0,0.0,0.0,0.0
0.0,0.0,0.0,0.0,0.0,0.0,0.0,0.0
0.0,0.0,0.0,0.0,0.0,0.0,0.0,0.0
0.0,0.0,0.0,0.0,0.0,0.0,0.0,0.0
0.0,0.0,0.0,0.0,0.0,0.0,0.0,0.0
0.0,0.0,0.0,0.0,0.0,0.0,0.0,0.0
0.0,0.0,0.0,0.0,0.0,0.0,0.0,0.0
0.0,0.0,0.0,0.0,0.0,0.0,0.0,0.0
0.0,0.0,0.0,0.0,0.0,0.0,0.0,0.0
0.0,0.0,0.0,0.0,0.0,0.0,0.0,0.0
0.0,0.0,0.0,0.0,0.0,0.0,0.0,0.0
0.0,0.0,0.0,0.0,0.0,0.0,0.0,0.0
0.0,0.0,0.0,0.0,0.0,0.0,0.0,0.0
0.0,0.0,0.0,0.0,0.0,0.0,0.0,0.0
0.0,0.0,0.0,0.0,0.0,0.0,0.0,0.0
0.0,0.0,0.0,0.0,0.0,0.0,0.0,0.0
0.0,0.0,0.0,0.0,0.0,0.0,0.0,0.0
0.0,0.0,0.0,0.0,0.0,0.0,0.0,0.0
0.0,0.0,0.0,0.0,0.0,0.0,0.0,0.0
0.0,0.0,0.0,0.0,0.0,0.0,0.0,0.0
0.0,0.0,0.0,0.0,0.0,0.0,0.0,0.0
0.0,0.0,0.0,0.0,0.0,0.0,0.0,0.0
0.0,0.0,0.0,0.0,0.0,0.0,0.0,0.0
0.0,0.0,0.0,0.0,0.0,0.0,0.0,0.0
0.0,0.0,0.0,0.0,0.0,0.0,0.0,0.0
0.0,0.0,0.0,0.0,0.0,0.0,0.0,0.0
0.0,0.0,0.0,0.0,0.0,0.0,0.0,0.0
0.0,0.0,0.0,0.0,0.0,0.0,0.0,0.0
0.0,0.0,0.0,0.0,0.0,0.0,0.0,0.0
0.0,0.0,0.0,0.0,0.0,0.0,0.0,0.0
0.0,0.0,0.0,0.0,0.0,0.0,0.0,0.0
0.0,0.0,0.0,0.0,0.0,0.0,0.0,0.0
0.0,0.0,0.0,0.0,0.0,0.0,0.0,0.0
0.0,0.0,0.0,0.0,0.0,0.0,0.0,0.0
0.0,0.0,0.0,0.0,0.0,0.0,0.0,0.0
0.0,0.0,0.0,0.0,0.0,0.0,0.0,0.0
0.0,0.0,0.0,0.0,0.0,0.0,0.0,0.0
0.0,0.0,0.0,0.0,0.0,0.0,0.0,0.0
0.0,0.0,0.0,0.0,0.0,0.0,0.0,0.0
0.0,0.0,0.0,0.0,0.0,0.0,0.0,0.0
0.0,0.0,0.0,0.0,0.0,0.0,0.0,0.0
0.0,0.0,0.0,0.0,0.0,0.0,0.0,0.0
0.0,0.0,0.0,0.0,0.0,0.0,0.0,0.0
0.0,0.0,0.0,0.0,0.0,0.0,0.0,0.0
0.0,0.0,0.0,0.0,0.0,0.0,0.0,0.0
0.0,0.0,0.0,0.0,0.0,0.0,0.0,0.0
0.0,0.0,0.0,0.0,0.0,0.0,0.0,0.0
0.0,0.0,0.0,0.0,0.0,0.0,0.0,0.0
0.0,0.0,0.0,0.0,0.0,0.0,0.0,0.0
0.0,0.0,0.0,0.0,0.0,0.0,0.0,0.0
0.0,0.0,0.0,0.0,0.0,0.0,0.0,0.0
0.0,0.0,0.0,0.0,0.0,0.0,0.0,0.0
0.0,0.0,0.0,0.0,0.0,0.0,0.0,0.0
0.0,0.0,0.0,0.0,0.0,0.0,0.0,0.0
0.0,0.0,0.0,0.0,0.0,0.0,0.0,0.0
0.0,0.0,0.0,0.0,0.0,0.0,0.0,0.0
0.0,0.0,0.0,0.0,0.0,0.0,0.0,0.0
0.0,0.0,0.0,0.0,0.0,0.0,0.0,0.0
0.0,0.0,0.0,0.0,0.0,0.0,0.0,0.0
0.0,0.0,0.0,0.0,0.0,0.0,0.0,0.0
0.0,0.0,0.0,0.0,0.0,0.0,0.0,0.0
0.0,0.0,0.0,0.0,0.0,0.0,0.0,0.0
0.0,0.0,0.0,0.0,0.0,0.0,0.0,0.0
0.0,0.0,0.0,0.0,0.0,0.0,0.0,0.0
0.0,0.0,0.0,0.0,0.0,0.0,0.0,0.0
0.0,0.0,0.0,0.0,0.0,0.0,0.0,0.0
0.0,0.0,0.0,0.0,0.0,0.0,0.0,0.0
0.0,0.0,0.0,0.0,0.0,0.0,0.0,0.0
0.0,0.0,0.0,0.0,0.0,0.0,0.0,0.0
0.0,0.0,0.0,0.0,0.0,0.0,0.0,0.0
0.0,0.0,0.0,0.0,0.0,0.0,0.0,0.0
0.0,0.0,0.0,0.0,0.0,0.0,0.0,0.0
0.0,0.0,0.0,0.0,0.0,0.0,0.0,0.0
0.0,0.0,0.0,0.0,0.0,0.0,0.0,0.0
0.0,0.0,0.0,0.0,0.0,0.0,0.0,0.0
0.0,0.0,0.0,0.0,0.0,0.0,0.0,0.0
0.0,0.0,0.0,0.0,0.0,0.0,0.0,0.0
0.0,0.0,0.0,0.0,0.0,0.0,0.0,0.0
0.0,0.0,0.0,0.0,0.0,0.0,0.0,0.0
0.0,0.0,0.0,0.0,0.0,0.0,0.0,0.0
0.0,0.0,0.0,0.0,0.0,0.0,0.0,0.0
0.0,0.0,0.0,0.0,0.0,0.0,0.0,0.0
0.0,0.0,0.0,0.0,0.0,0.0,0.0,0.0
0.0,0.0,0.0,0.0,0.0,0.0,0.0,0.0
0.0,0.0,0.0,0.0,0.0,0.0,0.0,0.0
0.0,0.0,0.0,0.0,0.0,0.0,0.0,0.0
0.0,0.0,0.0,0.0,0.0,0.0,0.0,0.0
0.0,0.0,0.0,0.0,0.0,0.0,0.0,0.0
0.0,0.0,0.0,0.0,0.0,0.0,0.0,0.0
0.0,0.0,0.0,0.0,0.0,0.0,0.0,0.0
0.0,0.0,0.0,0.0,0.0,0.0,0.0,0.0
0.0,0.0,0.0,0.0,0.0,0.0,0.0,0.0
0.0,0.0,0.0,0.0,0.0,0.0,0.0,0.0
0.0,0.0,0.0,0.0,0.0,0.0,0.0,0.0
0.0,0.0,0.0,0.0,0.0,0.0,0.0,0.0
0.0,0.0,0.0,0.0,0.0,0.0,0.0,0.0
0.0,0.0,0.0,0.0,0.0,0.0,0.0,0.0
0.0,0.0,0.0,0.0,0.0,0.0,0.0,0.0
0.0,0.0,0.0,0.0,0.0,0.0,0.0,0.0
0.0,0.0,0.0,0.0,0.0,0.0,0.0,0.0
0.0,0.0,0.0,0.0,0.0,0.0,0.0,0.0
0.0,0.0,0.0,0.0,0.0,0.0,0.0,0.0
0.0,0.0,0.0,0.0,0.0,0.0,0.0,0.0
0.0,0.0,0.0,0.0,0.0,0.0,0.0,0.0
0.0,0.0,0.0,0.0,0.0,0.0,0.0,0.0
0.0,0.0,0.0,0.0,0.0,0.0,0.0,0.0
0.0,0.0,0.0,0.0,0.0,0.0,0.0,0.0
0.0,0.0,0.0,0.0,0.0,0.0,0.0,0.0
0.0,0.0,0.0,0.0,0.0,0.0,0.0,0.0
0.0,0.0,0.0,0.0,0.0,0.0,0.0,0.0
0.0,0.0,0.0,0.0,0.0,0.0,0.0,0.0
0.0,0.0,0.0,0.0,0.0,0.0,0.0,0.0
0.0,0.0,0.0,0.0,0.0,0.0,0.0,0.0
0.0,0.0,0.0,0.0,0.0,0.0,0.0,0.0
0.0,0.0,0.0,0.0,0.0,0.0,0.0,0.0
0.0,0.0,0.0,0.0,0.0,0.0,0.0,0.0
0.0,0.0,0.0,0.0,0.0,0.0,0.0,0.0
0.0,0.0,0.0,0.0,0.0,0.0,0.0,0.0
0.0,0.0,0.0,0.0,0.0,0.0,0.0,0.0
0.0,0.0,0.0,0.0,0.0,0.0,0.0,0.0
0.0,0.0,0.0,0.0,0.0,0.0,0.0,0.0
0.0,0.0,0.0,0.0,0.0,0.0,0.0,0.0
0.0,0.0,0.0,0.0,0.0,0.0,0.0,0.0
0.0,0.0,0.0,0.0,0.0,0.0,0.0,0.0
0.0,0.0,0.0,0.0,0.0,0.0,0.0,0.0
0.0,0.0,0.0,0.0,0.0,0.0,0.0,0.0
0.0,0.0,0.0,0.0,0.0,0.0,0.0,0.0
0.0,0.0,0.0,0.0,0.0,0.0,0.0,0.0
0.0,0.0,0.0,0.0,0.0,0.0,0.0,0.0
0.0,0.0,0.0,0.0,0.0,0.0,0.0,0.0
0.0,0.0,0.0,0.0,0.0,0.0,0.0,0.0
0.0,0.0,0.0,0.0,0.0,0.0,0.0,0.0
0.0,0.0,0.0,0.0,0.0,0.0,0.0,0.0
0.0,0.0,0.0,0.0,0.0,0.0,0.0,0.0
0.0,0.0,0.0,0.0,0.0,0.0,0.0,0.0
0.0,0.0,0.0,0.0,0.0,0.0,0.0,0.0
0.0,0.0,0.0,0.0,0.0,0.0,0.0,0.0
0.0,0.0,0.0,0.0,0.0,0.0,0.0,0.0
0.0,0.0,0.0,0.0,0.0,0.0,0.0,0.0
0.0,0.0,0.0,0.0,0.0,0.0,0.0,0.0
0.0,0.0,0.0,0.0,0.0,0.0,0.0,0.0
0.0,0.0,0.0,0.0,0.0,0.0,0.0,0.0
0.0,0.0,0.0,0.0,0.0,0.0,0.0,0.0
0.0,0.0,0.0,0.0,0.0,0.0,0.0,0.0
0.0,0.0,0.0,0.0,0.0,0.0,0.0,0.0
0.0,0.0,0.0,0.0,0.0,0.0,0.0,0.0
0.0,0.0,0.0,0.0,0.0,0.0,0.0,0.0
0.0,0.0,0.0,0.0,0.0,0.0,0.0,0.0
0.0,0.0,0.0,0.0,0.0,0.0,0.0,0.0
0.0,0.0,0.0,0.0,0.0,0.0,0.0,0.0
0.0,0.0,0.0,0.0,0.0,0.0,0.0,0.0
0.0,0.0,0.0,0.0,0.0,0.0,0.0,0.0
0.0,0.0,0.0,0.0,0.0,0.0,0.0,0.0
0.0,0.0,0.0,0.0,0.0,0.0,0.0,0.0
0.0,0.0,0.0,0.0,0.0,0.0,0.0,0.0
0.0,0.0,0.0,0.0,0.0,0.0,0.0,0.0
0.0,0.0,0.0,0.0,0.0,0.0,0.0,0.0
0.0,0.0,0.0,0.0,0.0,0.0,0.0,0.0
0.0,0.0,0.0,0.0,0.0,0.0,0.0,0.0
0.0,0.0,0.0,0.0,0.0,0.0,0.0,0.0
0.0,0.0,0.0,0.0,0.0,0.0,0.0,0.0
0.0,0.0,0.0,0.0,0.0,0.0,0.0,0.0
0.0,0.0,0.0,0.0,0.0,0.0,0.0,0.0
0.0,0.0,0.0,0.0,0.0,0.0,0.0,0.0
0.0,0.0,0.0,0.0,0.0,0.0,0.0,0.0
0.0,0.0,0.0,0.0,0.0,0.0,0.0,0.0
0.0,0.0,0.0,0.0,0.0,0.0,0.0,0.0
0.0,0.0,0.0,0.0,0.0,0.0,0.0,0.0
0.0,0.0,0.0,0.0,0.0,0.0,0.0,0.0
0.0,0.0,0.0,0.0,0.0,0.0,0.0,0.0
0.0,0.0,0.0,0.0,0.0,0.0,0.0,0.0
0.0,0.0,0.0,0.0,0.0,0.0,0.0,0.0
0.0,0.0,0.0,0.0,0.0,0.0,0.0,0.0
0.0,0.0,0.0,0.0,0.0,0.0,0.0,0.0
0.0,0.0,0.0,0.0,0.0,0.0,0.0,0.0
0.0,0.0,0.0,0.0,0.0,0.0,0.0,0.0
0.0,0.0,0.0,0.0,0.0,0.0,0.0,0.0
0.0,0.0,0.0,0.0,0.0,0.0,0.0,0.0
0.0,0.0,0.0,0.0,0.0,0.0,0.0,0.0
0.0,0.0,0.0,0.0,0.0,0.0,0.0,0.0
0.0,0.0,0.0,0.0,0.0,0.0,0.0,0.0
0.0,0.0,0.0,0.0,0.0,0.0,0.0,0.0
0.0,0.0,0.0,0.0,0.0,0.0,0.0,0.0
0.0,0.0,0.0,0.0,0.0,0.0,0.0,0.0
0.0,0.0,0.0,0.0,0.0,0.0,0.0,0.0
0.0,0.0,0.0,0.0,0.0,0.0,0.0,0.0
0.0,0.0,0.0,0.0,0.0,0.0,0.0,0.0
0.0,0.0,0.0,0.0,0.0,0.0,0.0,0.0
0.0,0.0,0.0,0.0,0.0,0.0,0.0,0.0
0.0,0.0,0.0,0.0,0.0,0.0,0.0,0.0
0.0,0.0,0.0,0.0,0.0,0.0,0.0,0.0
0.0,0.0,0.0,0.0,0.0,0.0,0.0,0.0
0.0,0.0,0.0,0.0,0.0,0.0,0.0,0.0
0.0,0.0,0.0,0.0,0.0,0.0,0.0,0.0
0.0,0.0,0.0,0.0,0.0,0.0,0.0,0.0
0.0,0.0,0.0,0.0,0.0,0.0,0.0,0.0
0.0,0.0,0.0,0.0,0.0,0.0,0.0,0.0
0.0,0.0,0.0,0.0,0.0,0.0,0.0,0.0
0.0,0.0,0.0,0.0,0.0,0.0,0.0,0.0
0.0,0.0,0.0,0.0,0.0,0.0,0.0,0.0
0.0,0.0,0.0,0.0,0.0,0.0,0.0,0.0
0.0,0.0,0.0,0.0,0.0,0.0,0.0,0.0
0.0,0.0,0.0,0.0,0.0,0.0,0.0,0.0
0.0,0.0,0.0,0.0,0.0,0.0,0.0,0.0
0.0,0.0,0.0,0.0,0.0,0.0,0.0,0.0
0.0,0.0,0.0,0.0,0.0,0.0,0.0,0.0
0.0,0.0,0.0,0.0,0.0,0.0,0.0,0.0
0.0,0.0,0.0,0.0,0.0,0.0,0.0,0.0
0.0,0.0,0.0,0.0,0.0,0.0,0.0,0.0
0.0,0.0,0.0,0.0,0.0,0.0,0.0,0.0
0.0,0.0,0.0,0.0,0.0,0.0,0.0,0.0
0.0,0.0,0.0,0.0,0.0,0.0,0.0,0.0
0.0,0.0,0.0,0.0,0.0,0.0,0.0,0.0
0.0,0.0,0.0,0.0,0.0,0.0,0.0,0.0
0.0,0.0,0.0,0.0,0.0,0.0,0.0,0.0
0.0,0.0,0.0,0.0,0.0,0.0,0.0,0.0
0.0,0.0,0.0,0.0,0.0,0.0,0.0,0.0
0.0,0.0,0.0,0.0,0.0,0.0,0.0,0.0
0.0,0.0,0.0,0.0,0.0,0.0,0.0,0.0
0.0,0.0,0.0,0.0,0.0,0.0,0.0,0.0
0.0,0.0,0.0,0.0,0.0,0.0,0.0,0.0
0.0,0.0,0.0,0.0,0.0,0.0,0.0,0.0
0.0,0.0,0.0,0.0,0.0,0.0,0.0,0.0
0.0,0.0,0.0,0.0,0.0,0.0,0.0,0.0
0.0,0.0,0.0,0.0,0.0,0.0,0.0,0.0
0.0,0.0,0.0,0.0,0.0,0.0,0.0,0.0
0.0,0.0,0.0,0.0,0.0,0.0,0.0,0.0
0.0,0.0,0.0,0.0,0.0,0.0,0.0,0.0
0.0,0.0,0.0,0.0,0.0,0.0,0.0,0.0
0.0,0.0,0.0,0.0,0.0,0.0,0.0,0.0
0.0,0.0,0.0,0.0,0.0,0.0,0.0,0.0
0.0,0.0,0.0,0.0,0.0,0.0,0.0,0.0
0.0,0.0,0.0,0.0,0.0,0.0,0.0,0.0
0.0,0.0,0.0,0.0,0.0,0.0,0.0,0.0
0.0,0.0,0.0,0.0,0.0,0.0,0.0,0.0
0.0,0.0,0.0,0.0,0.0,0.0,0.0,0.0
0.0,0.0,0.0,0.0,0.0,0.0,0.0,0.0
0.0,0.0,0.0,0.0,0.0,0.0,0.0,0.0
0.0,0.0,0.0,0.0,0.0,0.0,0.0,0.0
0.0,0.0,0.0,0.0,0.0,0.0,0.0,0.0
0.0,0.0,0.0,0.0,0.0,0.0,0.0,0.0
0.0,0.0,0.0,0.0,0.0,0.0,0.0,0.0
0.0,0.0,0.0,0.0,0.0,0.0,0.0,0.0
0.0,0.0,0.0,0.0,0.0,0.0,0.0,0.0
0.0,0.0,0.0,0.0,0.0,0.0,0.0,0.0
0.0,0.0,0.0,0.0,0.0,0.0,0.0,0.0
0.0,0.0,0.0,0.0,0.0,0.0,0.0,0.0
0.0,0.0,0.0,0.0,0.0,0.0,0.0,0.0
0.0,0.0,0.0,0.0,0.0,0.0,0.0,0.0
0.0,0.0,0.0,0.0,0.0,0.0,0.0,0.0
0.0,0.0,0.0,0.0,0.0,0.0,0.0,0.0
0.0,0.0,0.0,0.0,0.0,0.0,0.0,0.0
0.0,0.0,0.0,0.0,0.0,0.0,0.0,0.0
0.0,0.0,0.0,0.0,0.0,0.0,0.0,0.0
0.0,0.0,0.0,0.0,0.0,0.0,0.0,0.0
0.0,0.0,0.0,0.0,0.0,0.0,0.0,0.0
0.0,0.0,0.0,0.0,0.0,0.0,0.0,0.0
0.0,0.0,0.0,0.0,0.0,0.0,0.0,0.0
0.0,0.0,0.0,0.0,0.0,0.0,0.0,0.0
0.0,0.0,0.0,0.0,0.0,0.0,0.0,0.0
0.0,0.0,0.0,0.0,0.0,0.0,0.0,0.0
0.0,0.0,0.0,0.0,0.0,0.0,0.0,0.0
0.0,0.0,0.0,0.0,0.0,0.0,0.0,0.0
0.0,0.0,0.0,0.0,0.0,0.0,0.0,0.0
0.0,0.0,0.0,0.0,0.0,0.0,0.0,0.0
0.0,0.0,0.0,0.0,0.0,0.0,0.0,0.0
0.0,0.0,0.0,0.0,0.0,0.0,0.0,0.0
0.0,0.0,0.0,0.0,0.0,0.0,0.0,0.0
0.0,0.0,0.0,0.0,0.0,0.0,0.0,0.0
0.0,0.0,0.0,0.0,0.0,0.0,0.0,0.0
0.0,0.0,0.0,0.0,0.0,0.0,0.0,0.0
0.0,0.0,0.0,0.0,0.0,0.0,0.0,0.0
0.0,0.0,0.0,0.0,0.0,0.0,0.0,0.0
0.0,0.0,0.0,0.0,0.0,0.0,0.0,0.0
0.0,0.0,0.0,0.0,0.0,0.0,0.0,0.0
0.0,0.0,0.0,0.0,0.0,0.0,0.0,0.0
0.0,0.0,0.0,0.0,0.0,0.0,0.0,0.0
0.0,0.0,0.0,0.0,0.0,0.0,0.0,0.0
0.0,0.0,0.0,0.0,0.0,0.0,0.0,0.0
0.0,0.0,0.0,0.0,0.0,0.0,0.0,0.0
0.0,0.0,0.0,0.0,0.0,0.0,0.0,0.0
0.0,0.0,0.0,0.0,0.0,0.0,0.0,0.0
0.0,0.0,0.0,0.0,0.0,0.0,0.0,0.0
0.0,0.0,0.0,0.0,0.0,0.0,0.0,0.0
0.0,0.0,0.0,0.0,0.0,0.0,0.0,0.0
0.0,0.0,0.0,0.0,0.0,0.0,0.0,0.0
0.0,0.0,0.0,0.0,0.0,0.0,0.0,0.0
0.0,0.0,0.0,0.0,0.0,0.0,0.0,0.0
0.0,0.0,0.0,0.0,0.0,0.0,0.0,0.0
0.0,0.0,0.0,0.0,0.0,0.0,0.0,0.0
0.0,0.0,0.0,0.0,0.0,0.0,0.0,0.0
0.0,0.0,0.0,0.0,0.0,0.0,0.0,0.0
0.0,0.0,0.0,0.0,0.0,0.0,0.0,0.0
0.0,0.0,0.0,0.0,0.0,0.0,0.0,0.0
0.0,0.0,0.0,0.0,0.0,0.0,0.0,0.0
0.0,0.0,0.0,0.0,0.0,0.0,0.0,0.0
0.0,0.0,0.0,0.0,0.0,0.0,0.0,0.0
0.0,0.0,0.0,0.0,0.0,0.0,0.0,0.0
0.0,0.0,0.0,0.0,0.0,0.0,0.0,0.0
0.0,0.0,0.0,0.0,0.0,0.0,0.0,0.0
0.0,0.0,0.0,0.0,0.0,0.0,0.0,0.0
0.0,0.0,0.0,0.0,0.0,0.0,0.0,0.0
0.0,0.0,0.0,0.0,0.0,0.0,0.0,0.0
0.0,0.0,0.0,0.0,0.0,0.0,0.0,0.0
0.0,0.0,0.0,0.0,0.0,0.0,0.0,0.0
0.0,0.0,0.0,0.0,0.0,0.0,0.0,0.0
0.0,0.0,0.0,0.0,0.0,0.0,0.0,0.0
0.0,0.0,0.0,0.0,0.0,0.0,0.0,0.0
0.0,0.0,0.0,0.0,0.0,0.0,0.0,0.0
0.0,0.0,0.0,0.0,0.0,0.0,0.0,0.0
0.0,0.0,0.0,0.0,0.0,0.0,0.0,0.0
0.0,0.0,0.0,0.0,0.0,0.0,0.0,0.0
0.0,0.0,0.0,0.0,0.0,0.0,0.0,0.0
0.0,0.0,0.0,0.0,0.0,0.0,0.0,0.0
0.0,0.0,0.0,0.0,0.0,0.0,0.0,0.0
0.0,0.0,0.0,0.0,0.0,0.0,0.0,0.0
0.0,0.0,0.0,0.0,0.0,0.0,0.0,0.0
0.0,0.0,0.0,0.0,0.0,0.0,0.0,0.0
0.0,0.0,0.0,0.0,0.0,0.0,0.0,0.0
0.0,0.0,0.0,0.0,0.0,0.0,0.0,0.0
0.0,0.0,0.0,0.0,0.0,0.0,0.0,0.0
0.0,0.0,0.0,0.0,0.0,0.0,0.0,0.0
0.0,0.0,0.0,0.0,0.0,0.0,0.0,0.0
0.0,0.0,0.0,0.0,0.0,0.0,0.0,0.0
0.0,0.0,0.0,0.0,0.0,0.0,0.0,0.0
0.0,0.0,0.0,0.0,0.0,0.0,0.0,0.0
0.0,0.0,0.0,0.0,0.0,0.0,0.0,0.0
0.0,0.0,0.0,0.0,0.0,0.0,0.0,0.0
0.0,0.0,0.0,0.0,0.0,0.0,0.0,0.0
0.0,0.0,0.0,0.0,0.0,0.0,0.0,0.0
0.0,0.0,0.0,0.0,0.0,0.0,0.0,0.0
0.0,0.0,0.0,0.0,0.0,0.0,0.0,0.0
0.0,0.0,0.0,0.0,0.0,0.0,0.0,0.0
0.0,0.0,0.0,0.0,0.0,0.0,0.0,0.0
0.0,0.0,0.0,0.0,0.0,0.0,0.0,0.0
0.0,0.0,0.0,0.0,0.0,0.0,0.0,0.0
0.0,0.0,0.0,0.0,0.0,0.0,0.0,0.0
0.0,0.0,0.0,0.0,0.0,0.0,0.0,0.0
0.0,0.0,0.0,0.0,0.0,0.0,0.0,0.0
0.0,0.0,0.0,0.0,0.0,0.0,0.0,0.0
0.0,0.0,0.0,0.0,0.0,0.0,0.0,0.0
0.0,0.0,0.0,0.0,0.0,0.0,0.0,0.0
0.0,0.0,0.0,0.0,0.0,0.0,0.0,0.0
0.0,0.0,0.0,0.0,0.0,0.0,0.0,0.0
0.0,0.0,0.0,0.0,0.0,0.0,0.0,0.0
0.0,0.0,0.0,0.0,0.0,0.0,0.0,0.0
0.0,0.0,0.0,0.0,0.0,0.0,0.0,0.0
0.0,0.0,0.0,0.0,0.0,0.0,0.0,0.0
0.0,0.0,0.0,0.0,0.0,0.0,0.0,0.0
0.0,0.0,0.0,0.0,0.0,0.0,0.0,0.0
0.0,0.0,0.0,0.0,0.0,0.0,0.0,0.0
0.0,0.0,0.0,0.0,0.0,0.0,0.0,0.0
0.0,0.0,0.0,0.0,0.0,0.0,0.0,0.0
0.0,0.0,0.0,0.0,0.0,0.0,0.0,0.0
0.0,0.0,0.0,0.0,0.0,0.0,0.0,0.0
0.0,0.0,0.0,0.0,0.0,0.0,0.0,0.0
0.0,0.0,0.0,0.0,0.0,0.0,0.0,0.0
0.0,0.0,0.0,0.0,0.0,0.0,0.0,0.0
0.0,0.0,0.0,0.0,0.0,0.0,0.0,0.0
0.0,0.0,0.0,0.0,0.0,0.0,0.0,0.0
0.0,0.0,0.0,0.0,0.0,0.0,0.0,0.0
0.0,0.0,0.0,0.0,0.0,0.0,0.0,0.0
0.0,0.0,0.0,0.0,0.0,0.0,0.0,0.0
0.0,0.0,0.0,0.0,0.0,0.0,0.0,0.0
0.0,0.0,0.0,0.0,0.0,0.0,0.0,0.0
0.0,0.0,0.0,0.0,0.0,0.0,0.0,0.0
0.0,0.0,0.0,0.0,0.0,0.0,0.0,0.0
0.0,0.0,0.0,0.0,0.0,0.0,0.0,0.0
0.0,0.0,0.0,0.0,0.0,0.0,0.0,0.0
0.0,0.0,0.0,0.0,0.0,0.0,0.0,0.0
0.0,0.0,0.0,0.0,0.0,0.0,0.0,0.0
0.0,0.0,0.0,0.0,0.0,0.0,0.0,0.0
0.0,0.0,0.0,0.0,0.0,0.0,0.0,0.0
0.0,0.0,0.0,0.0,0.0,0.0,0.0,0.0
0.0,0.0,0.0,0.0,0.0,0.0,0.0,0.0
0.0,0.0,0.0,0.0,0.0,0.0,0.0,0.0
0.0,0.0,0.0,0.0,0.0,0.0,0.0,0.0
0.0,0.0,0.0,0.0,0.0,0.0,0.0,0.0
0.0,0.0,0.0,0.0,0.0,0.0,0.0,0.0
0.0,0.0,0.0,0.0,0.0,0.0,0.0,0.0
0.0,0.0,0.0,0.0,0.0,0.0,0.0,0.0
0.0,0.0,0.0,0.0,0.0,0.0,0.0,0.0
0.0,0.0,0.0,0.0,0.0,0.0,0.0,0.0
0.0,0.0,0.0,0.0,0.0,0.0,0.0,0.0
0.0,0.0,0.0,0.0,0.0,0.0,0.0,0.0
0.0,0.0,0.0,0.0,0.0,0.0,0.0,0.0
0.0,0.0,0.0,0.0,0.0,0.0,0.0,0.0
0.0,0.0,0.0,0.0,0.0,0.0,0.0,0.0
0.0,0.0,0.0,0.0,0.0,0.0,0.0,0.0
0.0,0.0,0.0,0.0,0.0,0.0,0.0,0.0
0.0,0.0,0.0,0.0,0.0,0.0,0.0,0.0
0.0,0.0,0.0,0.0,0.0,0.0,0.0,0.0
0.0,0.0,0.0,0.0,0.0,0.0,0.0,0.0
0.0,0.0,0.0,0.0,0.0,0.0,0.0,0.0
0.0,0.0,0.0,0.0,0.0,0.0,0.0,0.0
0.0,0.0,0.0,0.0,0.0,0.0,0.0,0.0
0.0,0.0,0.0,0.0,0.0,0.0,0.0,0.0
0.0,0.0,0.0,0.0,0.0,0.0,0.0,0.0
0.0,0.0,0.0,0.0,0.0,0.0,0.0,0.0
0.0,0.0,0.0,0.0,0.0,0.0,0.0,0.0
0.0,0.0,0.0,0.0,0.0,0.0,0.0,0.0
0.0,0.0,0.0,0.0,0.0,0.0,0.0,0.0
0.0,0.0,0.0,0.0,0.0,0.0,0.0,0.0
0.0,0.0,0.0,0.0,0.0,0.0,0.0,0.0
0.0,0.0,0.0,0.0,0.0,0.0,0.0,0.0
0.0,0.0,0.0,0.0,0.0,0.0,0.0,0.0
0.0,0.0,0.0,0.0,0.0,0.0,0.0,0.0
0.0,0.0,0.0,0.0,0.0,0.0,0.0,0.0
0.0,0.0,0.0,0.0,0.0,0.0,0.0,0.0
0.0,0.0,0.0,0.0,0.0,0.0,0.0,0.0
0.0,0.0,0.0,0.0,0.0,0.0,0.0,0.0
0.0,0.0,0.0,0.0,0.0,0.0,0.0,0.0
0.0,0.0,0.0,0.0,0.0,0.0,0.0,0.0
0.0,0.0,0.0,0.0,0.0,0.0,0.0,0.0
0.0,0.0,0.0,0.0,0.0,0.0,0.0,0.0
0.0,0.0,0.0,0.0,0.0,0.0,0.0,0.0
0.0,0.0,0.0,0.0,0.0,0.0,0.0,0.0
0.0,0.0,0.0,0.0,0.0,0.0,0.0,0.0
0.0,0.0,0.0,0.0,0.0,0.0,0.0,0.0
0.0,0.0,0.0,0.0,0.0,0.0,0.0,0.0
0.0,0.0,0.0,0.0,0.0,0.0,0.0,0.0
0.0,0.0,0.0,0.0,0.0,0.0,0.0,0.0
0.0,0.0,0.0,0.0,0.0,0.0,0.0,0.0
0.0,0.0,0.0,0.0,0.0,0.0,0.0,0.0
0.0,0.0,0.0,0.0,0.0,0.0,0.0,0.0
0.0,0.0,0.0,0.0,0.0,0.0,0.0,0.0
0.0,0.0,0.0,0.0,0.0,0.0,0.0,0.0
0.0,0.0,0.0,0.0,0.0,0.0,0.0,0.0
0.0,0.0,0.0,0.0,0.0,0.0,0.0,0.0
0.0,0.0,0.0,0.0,0.0,0.0,0.0,0.0
0.0,0.0,0.0,0.0,0.0,0.0,0.0,0.0
0.0,0.0,0.0,0.0,0.0,0.0,0.0,0.0
0.0,0.0,0.0,0.0,0.0,0.0,0.0,0.0
0.0,0.0,0.0,0.0,0.0,0.0,0.0,0.0
0.0,0.0,0.0,0.0,0.0,0.0,0.0,0.0
0.0,0.0,0.0,0.0,0.0,0.0,0.0,0.0
0.0,0.0,0.0,0.0,0.0,0.0,0.0,0.0
0.0,0.0,0.0,0.0,0.0,0.0,0.0,0.0
0.0,0.0,0.0,0.0,0.0,0.0,0.0,0.0
0.0,0.0,0.0,0.0,0.0,0.0,0.0,0.0
0.0,0.0,0.0,0.0,0.0,0.0,0.0,0.0
0.0,0.0,0.0,0.0,0.0,0.0,0.0,0.0
0.0,0.0,0.0,0.0,0.0,0.0,0.0,0.0
0.0,0.0,0.0,0.0,0.0,0.0,0.0,0.0
0.0,0.0,0.0,0.0,0.0,0.0,0.0,0.0
0.0,0.0,0.0,0.0,0.0,0.0,0.0,0.0
0.0,0.0,0.0,0.0,0.0,0.0,0.0,0.0
0.0,0.0,0.0,0.0,0.0,0.0,0.0,0.0
0.0,0.0,0.0,0.0,0.0,0.0,0.0,0.0
0.0,0.0,0.0,0.0,0.0,0.0,0.0,0.0
0.0,0.0,0.0,0.0,0.0,0.0,0.0,0.0
0.0,0.0,0.0,0.0,0.0,0.0,0.0,0.0
0.0,0.0,0.0,0.0,0.0,0.0,0.0,0.0
0.0,0.0,0.0,0.0,0.0,0.0,0.0,0.0
0.0,0.0,0.0,0.0,0.0,0.0,0.0,0.0
0.0,0.0,0.0,0.0,0.0,0.0,0.0,0.0
0.0,0.0,0.0,0.0,0.0,0.0,0.0,0.0
0.0,0.0,0.0,0.0,0.0,0.0,0.0,0.0
0.0,0.0,0.0,0.0,0.0,0.0,0.0,0.0
0.0,0.0,0.0,0.0,0.0,0.0,0.0,0.0
0.0,0.0,0.0,0.0,0.0,0.0,0.0,0.0
0.0,0.0,0.0,0.0,0.0,0.0,0.0,0.0
0.0,0.0,0.0,0.0,0.0,0.0,0.0,0.0
0.0,0.0,0.0,0.0,0.0,0.0,0.0,0.0
0.0,0.0,0.0,0.0,0.0,0.0,0.0,0.0
0.0,0.0,0.0,0.0,0.0,0.0,0.0,0.0
0.0,0.0,0.0,0.0,0.0,0.0,0.0,0.0
0.0,0.0,0.0,0.0,0.0,0.0,0.0,0.0
0.0,0.0,0.0,0.0,0.0,0.0,0.0,0.0
0.0,0.0,0.0,0.0,0.0,0.0,0.0,0.0
0.0,0.0,0.0,0.0,0.0,0.0,0.0,0.0
0.0,0.0,0.0,0.0,0.0,0.0,0.0,0.0
0.0,0.0,0.0,0.0,0.0,0.0,0.0,0.0
0.0,0.0,0.0,0.0,0.0,0.0,0.0,0.0
0.0,0.0,0.0,0.0,0.0,0.0,0.0,0.0
0.0,0.0,0.0,0.0,0.0,0.0,0.0,0.0
0.0,0.0,0.0,0.0,0.0,0.0,0.0,0.0
0.0,0.0,0.0,0.0,0.0,0.0,0.0,0.0
0.0,0.0,0.0,0.0,0.0,0.0,0.0,0.0
0.0,0.0,0.0,0.0,0.0,0.0,0.0,0.0
0.0,0.0,0.0,0.0,0.0,0.0,0.0,0.0
0.0,0.0,0.0,0.0,0.0,0.0,0.0,0.0
0.0,0.0,0.0,0.0,0.0,0.0,0.0,0.0
0.0,0.0,0.0,0.0,0.0,0.0,0.0,0.0
0.0,0.0,0.0,0.0,0.0,0.0,0.0,0.0
0.0,0.0,0.0,0.0,0.0,0.0,0.0,0.0
0.0,0.0,0.0,0.0,0.0,0.0,0.0,0.0
0.0,0.0,0.0,0.0,0.0,0.0,0.0,0.0
0.0,0.0,0.0,0.0,0.0,0.0,0.0,0.0
0.0,0.0,0.0,0.0,0.0,0.0,0.0,0.0
0.0,0.0,0.0,0.0,0.0,0.0,0.0,0.0
0.0,0.0,0.0,0.0,0.0,0.0,0.0,0.0
0.0,0.0,0.0,0.0,0.0,0.0,0.0,0.0
0.0,0.0,0.0,0.0,0.0,0.0,0.0,0.0
0.0,0.0,0.0,0.0,0.0,0.0,0.0,0.0
0.0,0.0,0.0,0.0,0.0,0.0,0.0,0.0
0.0,0.0,0.0,0.0,0.0,0.0,0.0,0.0
0.0,0.0,0.0,0.0,0.0,0.0,0.0,0.0
0.0,0.0,0.0,0.0,0.0,0.0,0.0,0.0
0.0,0.0,0.0,0.0,0.0,0.0,0.0,0.0
0.0,0.0,0.0,0.0,0.0,0.0,0.0,0.0
0.0,0.0,0.0,0.0,0.0,0.0,0.0,0.0
0.0,0.0,0.0,0.0,0.0,0.0,0.0,0.0
0.0,0.0,0.0,0.0,0.0,0.0,0.0,0.0
0.0,0.0,0.0,0.0,0.0,0.0,0.0,0.0
0.0,0.0,0.0,0.0,0.0,0.0,0.0,0.0
0.0,0.0,0.0,0.0,0.0,0.0,0.0,0.0
0.0,0.0,0.0,0.0,0.0,0.0,0.0,0.0
0.0,0.0,0.0,0.0,0.0,0.0,0.0,0.0
0.0,0.0,0.0,0.0,0.0,0.0,0.0,0.0
0.0,0.0,0.0,0.0,0.0,0.0,0.0,0.0
0.0,0.0,0.0,0.0,0.0,0.0,0.0,0.0
0.0,0.0,0.0,0.0,0.0,0.0,0.0,0.0
0.0,0.0,0.0,0.0,0.0,0.0,0.0,0.0
0.0,0.0,0.0,0.0,0.0,0.0,0.0,0.0
0.0,0.0,0.0,0.0,0.0,0.0,0.0,0.0
0.0,0.0,0.0,0.0,0.0,0.0,0.0,0.0
0.0,0.0,0.0,0.0,0.0,0.0,0.0,0.0
0.0,0.0,0.0,0.0,0.0,0.0,0.0,0.0
0.0,0.0,0.0,0.0,0.0,0.0,0.0,0.0
0.0,0.0,0.0,0.0,0.0,0.0,0.0,0.0
0.0,0.0,0.0,0.0,0.0,0.0,0.0,0.0
0.0,0.0,0.0,0.0,0.0,0.0,0.0,0.0
0.0,0.0,0.0,0.0,0.0,0.0,0.0,0.0
0.0,0.0,0.0,0.0,0.0,0.0,0.0,0.0
0.0,0.0,0.0,0.0,0.0,0.0,0.0,0.0
0.0,0.0,0.0,0.0,0.0,0.0,0.0,0.0
0.0,0.0,0.0,0.0,0.0,0.0,0.0,0.0
0.0,0.0,0.0,0.0,0.0,0.0,0.0,0.0
0.0,0.0,0.0,0.0,0.0,0.0,0.0,0.0
0.0,0.0,0.0,0.0,0.0,0.0,0.0,0.0
0.0,0.0,0.0,0.0,0.0,0.0,0.0,0.0
0.0,0.0,0.0,0.0,0.0,0.0,0.0,0.0
0.0,0.0,0.0,0.0,0.0,0.0,0.0,0.0
0.0,0.0,0.0,0.0,0.0,0.0,0.0,0.0
0.0,0.0,0.0,0.0,0.0,0.0,0.0,0.0
0.0,0.0,0.0,0.0,0.0,0.0,0.0,0.0
0.0,0.0,0.0,0.0,0.0,0.0,0.0,0.0
0.0,0.0,0.0,0.0,0.0,0.0,0.0,0.0
0.0,0.0,0.0,0.0,0.0,0.0,0.0,0.0
0.0,0.0,0.0,0.0,0.0,0.0,0.0,0.0
0.0,0.0,0.0,0.0,0.0,0.0,0.0,0.0
0.0,0.0,0.0,0.0,0.0,0.0,0.0,0.0
0.0,0.0,0.0,0.0,0.0,0.0,0.0,0.0
0.0,0.0,0.0,0.0,0.0,0.0,0.0,0.0
0.0,0.0,0.0,0.0,0.0,0.0,0.0,0.0
0.0,0.0,0.0,0.0,0.0,0.0,0.0,0.0
0.0,0.0,0.0,0.0,0.0,0.0,0.0,0.0
0.0,0.0,0.0,0.0,0.0,0.0,0.0,0.0
0.0,0.0,0.0,0.0,0.0,0.0,0.0,0.0
0.0,0.0,0.0,0.0,0.0,0.0,0.0,0.0
0.0,0.0,0.0,0.0,0.0,0.0,0.0,0.0
0.0,0.0,0.0,0.0,0.0,0.0,0.0,0.0
0.0,0.0,0.0,0.0,0.0,0.0,0.0,0.0
0.0,0.0,0.0,0.0,0.0,0.0,0.0,0.0
0.0,0.0,0.0,0.0,0.0,0.0,0.0,0.0
0.0,0.0,0.0,0.0,0.0,0.0,0.0,0.0
0.0,0.0,0.0,0.0,0.0,0.0,0.0,0.0
0.0,0.0,0.0,0.0,0.0,0.0,0.0,0.0
0.0,0.0,0.0,0.0,0.0,0.0,0.0,0.0
0.0,0.0,0.0,0.0,0.0,0.0,0.0,0.0
0.0,0.0,0.0,0.0,0.0,0.0,0.0,0.0
0.0,0.0,0.0,0.0,0.0,0.0,0.0,0.0
0.0,0.0,0.0,0.0,0.0,0.0,0.0,0.0
0.0,0.0,0.0,0.0,0.0,0.0,0.0,0.0
0.0,0.0,0.0,0.0,0.0,0.0,0.0,0.0
0.0,0.0,0.0,0.0,0.0,0.0,0.0,0.0
0.0,0.0,0.0,0.0,0.0,0.0,0.0,0.0
0.0,0.0,0.0,0.0,0.0,0.0,0.0,0.0
0.0,0.0,0.0,0.0,0.0,0.0,0.0,0.0
0.0,0.0,0.0,0.0,0.0,0.0,0.0,0.0
0.0,0.0,0.0,0.0,0.0,0.0,0.0,0.0
0.0,0.0,0.0,0.0,0.0,0.0,0.0,0.0
0.0,0.0,0.0,0.0,0.0,0.0,0.0,0.0
0.0,0.0,0.0,0.0,0.0,0.0,0.0,0.0
0.0,0.0,0.0,0.0,0.0,0.0,0.0,0.0
0.0,0.0,0.0,0.0,0.0,0.0,0.0,0.0
0.0,0.0,0.0,0.0,0.0,0.0,0.0,0.0
0.0,0.0,0.0,0.0,0.0,0.0,0.0,0.0
0.0,0.0,0.0,0.0,0.0,0.0,0.0,0.0
0.0,0.0,0.0,0.0,0.0,0.0,0.0,0.0
0.0,0.0,0.0,0.0,0.0,0.0,0.0,0.0
0.0,0.0,0.0,0.0,0.0,0.0,0.0,0.0
0.0,0.0,0.0,0.0,0.0,0.0,0.0,0.0
0.0,0.0,0.0,0.0,0.0,0.0,0.0,0.0
0.0,0.0,0.0,0.0,0.0,0.0,0.0,0.0
0.0,0.0,0.0,0.0,0.0,0.0,0.0,0.0
0.0,0.0,0.0,0.0,0.0,0.0,0.0,0.0
0.0,0.0,0.0,0.0,0.0,0.0,0.0,0.0
0.0,0.0,0.0,0.0,0.0,0.0,0.0,0.0
0.0,0.0,0.0,0.0,0.0,0.0,0.0,0.0
0.0,0.0,0.0,0.0,0.0,0.0,0.0,0.0
0.0,0.0,0.0,0.0,0.0,0.0,0.0,0.0
0.0,0.0,0.0,0.0,0.0,0.0,0.0,0.0
0.0,0.0,0.0,0.0,0.0,0.0,0.0,0.0
0.0,0.0,0.0,0.0,0.0,0.0,0.0,0.0
0.0,0.0,0.0,0.0,0.0,0.0,0.0,0.0
0.0,0.0,0.0,0.0,0.0,0.0,0.0,0.0
0.0,0.0,0.0,0.0,0.0,0.0,0.0,0.0
0.0,0.0,0.0,0.0,0.0,0.0,0.0,0.0
0.0,0.0,0.0,0.0,0.0,0.0,0.0,0.0
0.0,0.0,0.0,0.0,0.0,0.0,0.0,0.0
0.0,0.0,0.0,0.0,0.0,0.0,0.0,0.0
0.0,0.0,0.0,0.0,0.0,0.0,0.0,0.0
0.0,0.0,0.0,0.0,0.0,0.0,0.0,0.0
0.0,0.0,0.0,0.0,0.0,0.0,0.0,0.0
0.0,0.0,0.0,0.0,0.0,0.0,0.0,0.0
-110.31841837806176,-268.68230642888307,-79.63722973737627,-717.7986688246989,-147.15409687072653,-130.7916141097086,-391.95281790029287,-139.59665546796444
-747.0103594089211,-1822.823504912896,-510.4652154992808,-4986.97708852932,-996.4395466147904,-884.3146152408873,-2654.059275303843,-945.247294165176
-2231.552637620041,-5474.030399729176,-1402.5631316612314,-15452.411729815793,-2976.67531710886,-2634.2414768864364,-7927.418866000311,-2823.431163731989
-3838.0072938349767,-9537.407962571906,-2108.2323434436544,-28076.12296189615,-5119.530404905272,-4505.407743549563,-13622.355699224518,-4853.150993839997
-4063.6062924262783,-10439.982277633935,-1748.9114970189148,-32600.82724618734,-5421.333031861148,-4712.341355836981,-14370.060169383221,-5121.920787147128
-2358.5758264817277,-6807.223834860975,-517.3438107142606,-23442.056450594155,-3167.970837960238,-2651.4101352907446,-8234.762482643066,-2914.5658988147857
201.89012909045397,-1221.43487946021,388.1860131408379,-6347.7440873677715,73.21356722439413,182.78928742854455,602.2431547556711,355.4498084554194
2324.839051757351,2606.721502246078,223.0369333378345,7747.445502053563,2134.2917804224253,1632.5103741011214,6372.470595962006,2682.61829805955
3889.6688248647924,3136.443810864773,-486.67538465539826,12532.127749802507,2219.506898158318,744.1210403090978,7115.358025866409,3200.318671736957
5374.869398499751,1472.180838873659,-638.7416981014907,9483.53514181852,1120.5504739171336,-1557.8782913768575,5158.950738299618,2356.2688500845316
6367.857681120044,-322.2791174202588,170.39599543626176,4093.4603416757423,61.900131839172445,-3261.418123191751,3583.421058242565,1088.9378973910352
5698.581018820323,-943.4881207525997,1218.818434680089,739.4006943209395,-322.633774708685,-2954.488043607165,3284.726284883584,160.2949177746614
3103.9562285094958,-404.6662083570721,1527.5356490102292,429.74478389560426,-121.35253858705886,-958.6117588148833,3269.019646298323,-72.92799844903166
-101.69141103274931,481.48689798279497,914.8714494460547,1718.1137961417407,269.90740468535813,1191.7304207070504,2631.7782601315816,316.8736903730863
-2198.5714967536737,967.8588476583515,30.701798003415245,2798.398038263925,536.6427502368803,2214.825661135334,1549.060803561325,940.2492291013908
-2501.7925260592333,884.5214840339747,-426.87635307080194,2891.871661181581,589.4244098111947,1952.4391662799005,721.1708658849062,1339.2094046369282
-1625.5982664684902,555.2048801405499,-307.9863967999478,2324.185406999508,507.5282825557713,1101.268919926834,490.8506675291353,1257.4414268146274
-652.9120040336064,377.2160489117051,55.86559498952062,1811.988895055172,405.889483524396,423.9586800312296,636.1284091645008,772.6120782334834
-228.78206392466424,491.46337678663156,280.9581813360331,1775.3251686971198,341.05072475210136,225.26804468915205,757.7245859845848,197.60231417125956
-316.9325180561224,762.0277982574052,237.04702175850215,2134.520516737725,306.0733271848798,356.5880513462184,670.0047634030999,-169.4151048455725
-540.7699936650881,973.1533407025704,45.314135456073245,2542.3741004751964,277.97098728455035,524.241949170628,460.1682486752978,-235.4748534901854
-610.8960569500651,1017.5484788288123,-106.45651301912584,2724.766674068245,251.37579914068294,559.7745576408413,304.06110294428106,-111.64828284175529
-495.7676128386906,937.3040145868725,-126.89791700917007,2649.297362950104,235.35328357349564,480.68865977122744,285.5126051676189,27.29670016636383
-329.4975418473493,840.0748330426591,-52.17367769452682,2462.1898885137166,235.70373332681348,390.54109899775773,360.284401218063,78.51417600178436
-238.45418903048864,798.6573775366259,28.59700262536553,2320.882661328847,247.10827030332297,360.9157597961271,434.8542471136698,47.823165008803954
-247.03643190850235,814.1855980764308,58.31626233644396,2281.4559880039337,258.7732963965207,389.1403082491108,453.44955723221693,-2.0556863010562108
-298.6931444310717,845.2747162165551,40.2354994756328,2301.83843217808,263.5988611530467,430.1100967225166,423.53067786215195,-21.184346980943985
-329.25912369332724,855.8769674266601,10.975424293090661,2313.5473438014737,261.803878366187,447.0802455481568,384.7233233914219,-3.5286157077820017
-316.78105525897325,839.5879398593537,0.09616174523745347,2282.837911567337,257.95394043202964,435.5875041456707,366.7206952571406,26.882928439452762
-280.28258124178757,812.2701622897499,11.307161999952804,2221.225295339616,255.97860401731722,413.68356493678147,371.60787383455556,46.105921106522565
-248.97112979363882,791.290212762491,30.323899018735,2158.422245743604,256.600835921363,399.48971945831664,383.672363675916,47.942876114933775
-236.56229852521605,782.080756741105,42.73073996280621,2112.9642820193276,258.135934369497,397.8534515128847,388.2612645295295,41.27103485976967
-237.5284259896024,778.9862528762247,44.645542052717225,2083.1217304407905,258.7440994673992,402.2240670793777,382.122149927568,37.34611965794747
-239.04481558683767,773.9904200236833,41.299744151250415,2056.5103027190776,257.87979363252214,404.1427964135686,371.1254834067534,40.555467637900854
-233.38444192320532,763.6531064314073,39.495856097618685,2023.6305079665556,256.1802820516821,400.260163649914,362.2174569952379,48.019695980558986
-221.4596171186,749.8196587824771,41.975637327342845,1983.7045289665732,254.50300119676322,392.73724017576586,357.87622858283555,54.69805899904583
-208.58220240684105,736.1085588288197,47.078041930709176,1941.6709542575836,253.1741329916113,385.42743910340675,356.1193720276459,57.98512859151669
-198.78166871177294,724.5161604520862,51.775999312392536,1902.2111268830076,251.95801671204302,380.3464358556311,353.79392177390395,58.642397458073916
-192.4023459447504,714.6110095279554,54.4574153651753,1866.4229621089773,250.5026233612023,376.9261546665448,349.3984867675784,58.888848455046876
-187.34039478491604,704.8470888734007,55.52445937870888,1832.4757626406292,248.69313384129595,373.5110963177467,343.54864139858734,60.199138190256775
-181.53968691610675,694.1587725653843,56.28498909352741,1798.1334020503523,246.6467208509314,369.0746746961084,337.67683316440656,62.529565322747466
-174.45787844624084,682.5559893664522,57.634019381958,1762.5534841259212,244.52209392491665,363.75076209640883,332.61923091127494,64.97188885074648
-166.86177655615762,670.6884999800279,59.566162384083206,1726.3454990601952,242.39486031736772,358.25255221016306,328.201579499209,66.7938356000697
-159.75459700975466,659.1161980942654,61.551644438084956,1690.541719003999,240.25619307155432,353.08833856768325,323.76911808872535,67.93257487163305
-153.54282104238868,647.955530702788,63.15237273900141,1655.6727236178983,238.0516954043185,348.2589388603198,318.8853416166106,68.77322075843051
-147.94559374093726,637.0106753372262,64.31975775909552,1621.5912087277284,235.71000468361657,343.46535371833215,313.5869178132827,69.66847965110043
-142.43562272305783,626.0603617187008,65.28265181409621,1587.8693400737843,233.18825382774398,338.4674567505312,308.17991626715656,70.68647624779261
-136.71713278053906,615.0060157632928,66.26529948002441,1554.2363279430092,230.52248077702333,333.2583993626546,302.91896093534893,71.68740017117598
-130.8882725499466,603.865254431838,67.30692036781524,1520.7137228924225,227.80869916036156,327.9749984455617,297.8519930568564,72.51736636516712
-125.24803078655783,592.718111182407,68.29547650983524,1487.473630561084,225.11969586189846,322.7189130735462,292.87322425645965,73.11567416789538
-119.98345542480389,581.6498693521113,69.1205496478415,1454.6438015193878,222.4582526727189,317.4922032296678,287.85494853115614,73.51135791556752
-115.03113087967019,570.6968564165861,69.77217427119999,1422.226975072762,219.78238721046426,312.26576504493283,282.7341050404725,73.78413458663479
-110.1962964930329,559.8361264246427,70.31835822453306,1390.149937262993,217.04383710733418,307.05314693834885,277.5312250225984,74.02292890625264
-105.35664779507294,549.0295562509699,70.82687208119316,1358.3621402177534,214.21091299324644,301.89473452790287,272.32189668755404,74.27683969735662
-100.54274585896911,538.2577258531022,71.31689203160792,1326.8827644631135,211.28875548995467,296.7910599147912,267.17302027814355,74.53091132624631
-95.86201175007545,527.5143488374401,71.7649770612504,1295.7615984596234,208.32216833660448,291.6917525049601,262.0887886678164,74.73946662431403
-91.38000778190718,516.798795846423,72.14009310000522,1265.0213703167099,205.36317738022353,286.5532876446988,257.0253341336912,74.87648553044299
-87.06933690651839,506.11930573884473,72.43112219730948,1234.649559684032,202.43061242522901,281.37424674237093,251.94816659738527,74.9451765913963
-82.84932121035045,495.4957424798885,72.64713839777498,1204.614850797207,199.50259994778935,276.1736394944407,246.854707280661,74.95377148327417
-78.66147869981283,484.95676492389794,72.80256391439319,1174.8711366769821,196.54356249918175,270.9732272394889,241.76489129363614,74.8971562315482
-74.51935681863033,474.5261889063431,72.91340390834254,1145.382848080714,193.53000483138163,265.80535214856326,236.71456399247916,74.76080296650605
-70.50231636023663,464.2121137599905,73.00359139335836,1116.1738936869046,190.45413583618355,260.6998704863662,231.72956595719683,74.53979930393956
-66.68535592920641,454.00684643097196,73.09286215275,1087.3223479331248,187.32457571383625,255.6509254435774,226.79533084177342,74.25324554115889
-63.059178906742865,443.88569781247656,73.17000775868581,1058.8836314116406,184.17670438043743,250.61639486836137,221.87210586863642,73.93480223340049
-59.53299473516868,433.81332472590117,73.1949089266414,1030.8344595702024,181.06520474598491,245.56076367426968,216.92991246358815,73.60488630911578
-56.01573762827573,423.7674032840861,73.13243622322699,1003.1075637256013,178.02367236592877,240.49757622149932,211.96640101883378,73.2539572331903
-52.48257652143301,413.76187977666314,72.97625269153127,975.6647536470385,175.03099280766762,235.48033143705308,207.0132058695907,72.85522639017627
-48.9844118454935,403.84261422558825,72.75095203225794,948.5134885261141,172.02636206862306,230.5471106275921,202.11586718982278,72.39402107959474
-45.61157137485347,394.0502097003658,72.50382735862674,921.6734226279422,168.9603069658206,225.68522194476535,197.29205425772943,71.88393066810103
-42.42333460667069,384.393913172567,72.28143855368593,895.1581272453966,165.83620873464858,220.8466485685972,192.51656578705433,71.35449905947344
-39.39308780098573,374.8673382720311,72.09744593612653,868.9764239347255,162.70659939364916,215.98887839611157,187.7455320039138,70.82716487116376
-36.43286121571813,365.46358756531777,71.9155483896845,843.1321962624091,159.6237781240553,211.11158642693377,182.95906349571158,70.29846956276783
-33.47786550105652,356.15794304112717,71.66202104682738,817.625238954931,156.59674206676286,206.25881930755534,178.19429491898916,69.73857757668647
-30.54212833991601,346.8997165631508,71.27312144304979,792.452824113353,153.6040834199325,201.4797730597323,173.52070838060848,69.12000836484266
-27.690543325840046,337.65199606336284,70.75413743523752,767.610646790639,150.62852498386545,196.78629848247178,168.9611143152615,68.46036041028056
-24.96017823944023,328.44302424474364,70.18799968953432,743.0996136075358,147.6581676488655,192.14840625164578,164.45562001374975,67.82050525155996
-22.31760922710338,319.35860382827536,69.66613676385079,718.9289379157758,144.6732305833617,187.5324392884636,159.92512385099545,67.2431734540232
-19.701342905368804,310.4639794545893,69.20722990740042,695.0908013865005,141.65444309929327,182.9343042980588,155.35053699461892,66.69501537657506
-17.09420538981964,301.7319448267346,68.7583701744132,671.531517921448,138.60265841216383,178.36191717545398,150.77731900596424,66.08443458193706
-14.538012563220194,293.06105153453444,68.27820136647428,648.1863936687572,135.54424178003612,173.8101089580456,146.2715953186204,65.35133849219554
-12.088102939497901,284.37316231309757,67.79007335368284,625.0537212931497,132.5197331763078,169.2804091406586,141.87975016517268,64.53029566683531
-9.766212811458345,275.68980178187206,67.33618898791862,602.210886581415,129.5649280789081,164.79834107329714,137.59998580963438,63.706117574300116
-7.549025917680706,267.1072505482159,66.90679854116897,579.7602085395664,126.68705263961918,160.38869583431665,133.3822808678096,62.92007028152059
-5.391793696425592,258.70532089154955,66.438232770462,557.7553439541691,123.85299332741549,156.0520307877136,129.16872132336775,62.1478958993105
-3.2582184610376252,250.49087285458816,65.86917767275,536.1510248681991,121.0109360147777,151.7686209593836,124.9354194694445,61.3628631762011
-1.1342951181821237,242.41365546973097,65.19506311468396,514.8278474142527,118.12851336929371,147.5122154017131,120.69615089908885,60.585081202089754
0.9669728055605445,234.41648594573726,64.48064420041689,493.6908275359741,115.2104886682075,143.2670208932699,116.48452615113027,59.84777845822643
3.0100474561344726,226.47527048008394,63.80885903643743,472.7509747366299,112.28308150899424,139.04214963168414,112.34211986660026,59.12741047083941
4.96402781312492,218.5972557435541,63.19957233351485,452.10979802760426,109.3716996966105,134.86274550376453,108.29716719202818,58.34017814143769
6.831469375220074,210.78467219069077,62.59120064213292,431.8545113570828,106.50334589387359,130.73927848666898,104.32911902318133,57.425040574169515
8.641175158991956,203.02193159789138,61.913964042931894,411.9656290423419,103.70871185440814,126.65486843008148,100.37521935002357,56.41855688650432
10.41840931520713,195.3114495812728,61.16829610992701,392.3428771528821,100.99419707346198,122.59612703883079,96.40241031647051,55.43826776382426
12.172606143823923,187.69994678477306,60.42142402432276,372.91545906121377,98.32808966303287,118.5830268223259,92.45348220125899,54.587356482220144
13.901961840041022,180.24439607434115,59.728635071151785,353.7076445517498,95.67298597319228,114.64066959831558,88.59406243697222,53.859531648257445
15.592357145025215,172.9607404914257,59.06700384445659,334.8051274764415,93.01198199836801,110.75154170786647,84.84020954450162,53.143784449497424
17.217061935132886,165.81943224249076,58.36065781415314,316.26626886118885,90.334541495101,106.8703700016996,81.16519434236389,52.3402182550482
18.75257088245584,158.77030206974436,57.566875276359184,298.0637506314667,87.63068517958192,102.98438047054299,77.54110686922436,51.449205823864396
20.19690462156785,151.7596608774356,56.715798225678355,280.12135296359963,84.91976825330806,99.13143358804263,73.94350442492865,50.52963615957364
21.57589401119546,144.7543619683042,55.86885879750278,262.4004244517669,82.25383178069745,95.36187414603307,70.34943542777714,49.60613790010373
22.93672168891814,137.7778136193709,55.069598614691444,244.92830427513897,79.66505641581443,91.7013672546417,66.75939402848306,48.65923175748893
24.31777612089033,130.9171001914129,54.33359296637886,227.7543128094624,77.13067586778976,88.13516200624957,63.20120803531026,47.695779040394235
25.70855842889111,124.26559975543874,53.64354043865589,210.9035892703092,74.61002371792546,84.60812344919384,59.69486916780548,46.77782596209327
27.05475082832035,117.83572506152244,52.94785397401657,194.36110496501882,72.09491929164977,81.05862286146157,56.22898294352021,45.95971900398073
28.319770190670567,111.53829284013544,52.199874119464624,178.0765945370368,69.60496204934122,77.47156096625537,52.78854565405575,45.21918862883613
29.52974286600997,105.25988380863889,51.40193433118432,161.99495016289669,67.15346654833223,73.89114887891145,49.391156209638524,44.46165802668427
30.740917978749053,98.95016575881714,50.58943032553029,146.101824950681,64.73536020026938,70.37937721685552,46.07395936453881,43.59113471209029
31.96920829205169,92.64044040680226,49.784581319295036,130.4391307174529,62.33644388029791,66.96878558193191,42.85155410616492,42.59294849977207
33.16691108029477,86.40483441628741,48.987142087939645,115.06986214570902,59.944069106206314,63.646321981742126,39.698015536924835,41.550150664484796
34.26980944275928,80.30682926235413,48.192182626478,100.02541071341763,57.55004452766207,60.36923640435197,36.5658336065554,40.5641303664456
35.25692053648959,74.36066438643938,47.39783490242533,85.28303973690454,55.15318724144515,57.10065806097567,33.42556061238378,39.66677344265239
36.163215250207514,68.52652602635293,46.604372671162906,70.78963425938487,52.777293181066575,53.83756540796879,30.291862808885956,38.817816548662826
37.052269203835436,62.7472248469105,45.81104562469026,56.50186878262368,50.4730203410328,50.60763124525,27.203928325453322,37.96341242273426
37.97607782575011,57.001816647387656,45.01489649828435,42.40891053299938,48.26120334148755,47.44316004107544,24.183411507779855,37.08180930742251
38.934108348247435,51.31968263015004,44.21727827749792,28.533060687229142,46.08208710946229,44.358575863553774,21.220560790461754,36.19187971962846
39.87163477601832,45.741947532752576,43.42656072418877,14.910006589326619,43.84473930133282,41.347708823663034,18.295858161016874,35.33140515731183
40.735192270292664,40.28618647911212,42.64961818011668,1.5595086695713063,41.52873805919609,38.391631105142274,15.40702742624746,34.51268460758394
41.52068883315809,34.945900050767804,41.88284240145678,-11.526147092333385,39.2112821997385,35.463554338847366,12.572972621764041,33.691696890589476
42.26248040024876,29.69998950170033,41.1088041497807,-24.370275260009585,36.99219572109059,32.5374120625418,9.807897576194708,32.80164513308586
42.99280609982702,24.522755467455156,40.30011494572026,-36.99516118011753,34.90507055552104,29.605671315976714,7.092512762235748,31.82892304156338
43.71371623437045,19.406840253845036,39.437137629171424,-49.414419546416056,32.8998811925379,26.69194720901678,4.384908154151005,30.83763243258424
44.39801410601621,14.378660782634443,38.53172751544802,-61.630844393503914,30.895225190250105,23.840285582464396,1.6688072393810787,29.90940336780356
45.027491340062745,9.472639880112284,37.62992920593306,-73.62189322613857,28.83934466617939,21.081150973925425,-1.0257233121882103,29.06736509483751
45.62607349788107,4.687097467846331,36.78077033834891,-85.33033559911073,26.736104241029697,18.40471084178842,-3.6628098311225346,28.25878684185484
46.221325773235094,-0.015508467205014975,35.994848563446745,-96.71315440686008,24.633852371608846,15.77450873083827,-6.240630769687868,27.409196755552994
46.78908569277355,-4.664661101635038,35.236324372948225,-107.81321558996669,22.589871245085682,13.160671087630753,-8.775863257371238,26.49287630575405
47.28826598376936,-9.259967965059891,34.46140970906439,-118.7358351527254,20.633528270735304,10.550511941868544,-11.270678648596444,25.551477364565823
47.731913640521164,-13.789120234322807,33.65644429888582,-129.53501226505088,18.75803786952205,7.946309296663665,-13.708318418851285,24.655184745585625
48.17509203447259,-18.24665404208015,32.830526985402265,-140.16192626492207,16.932441657631408,5.368836309798091,-16.069384652218737,23.84617342761042
48.64742286066252,-22.633580910642163,31.989638201368685,-150.54215512069808,15.108820145341843,2.848567936665944,-18.351254991758033,23.100940016162166
49.13010638372817,-26.946417724657504,31.139019345359692,-160.66981285486295,13.240160996003004,0.4037445340241911,-20.57513208053937,22.34600623446103
49.591402770638645,-31.17635690197484,30.297635739182518,-170.60337772591535,11.317837794913862,-1.96883929171155,-22.76791414637571,21.527389929694532
50.023988863292296,-35.3276767435449,29.4856963550833,-180.3850839964659,9.390447998169357,-4.290754105789382,-24.943307741888496,20.66087946854368
50.438537829600996,-39.42306460188432,28.7045605431749,-189.98974918951225,7.533653485737253,-6.5972053993249515,-27.10971556494308,19.798618775894894
50.82733367750644,-43.472726115042015,27.945044986411865,-199.3567274770601,5.793339302456174,-8.915138528013022,-29.275429506933698,18.964721178936728
51.15688617274794,-47.44875757675005,27.201291525511078,-208.45788929311826,4.152527034123445,-11.231859801022605,-31.42775991145168,18.151911611918777
51.40787160073189,-51.31028908884208,26.46603205245001,-217.32871733851428,2.550275113774597,-13.498708006023197,-33.53127223494857,17.35717061905164
51.60817153450473,-55.05612926721592,25.729127711772357,-226.03221552323228,0.9352816838631711,-15.676986113898685,-35.565131825435934,16.581103492096844
51.809991925165725,-58.732439712769924,24.981684218830463,-234.59331601008896,-0.6959893863040331,-17.781337446975478,-37.54187176888035,15.806806117388131
52.03417547921118,-62.36963364390676,24.211854866965815,-242.98128467110027,-2.3168237683711013,-19.867681798455568,-39.48141587722983,15.007775583052718
52.25045728245738,-65.93424635968775,23.408335091397458,-251.15286738467697,-3.9220375465016275,-21.96341945054839,-41.38869345813324,14.172595838078152
52.42020306672578,-69.37540476241237,22.57570326565466,-259.09302485320757,-5.541435600409791,-24.028112114676606,-43.261379209508924,13.319662059562772
52.54660910319655,-72.69930277612407,21.734149118472466,-266.8209584470661,-7.191151207033108,-26.010759460975823,-45.099604843878716,12.488966539401858
52.66531837719362,-75.96681046223206,20.900281270943147,-274.37629883869437,-8.836495122024745,-27.92294645413033,-46.902694968083516,11.70834878437185
52.7901792846235,-79.23058816987079,20.083636397392848,-281.78918061644424,-10.424697601389054,-29.820536527244645,-48.66953894461434,10.970635048313467
52.89633071791946,-82.49550905922804,19.302983974737465,-289.0441721909635,-11.937526922447892,-31.729257943531668,-50.40575891069246,10.244055211091988
52.96633897081342,-85.73122811708926,18.58018587140732,-296.08529997544946,-13.39392039304183,-33.62357514345896,-52.12183694133514,9.490171056289723
53.02720765486715,-88.89905296845451,17.90718589949277,-302.8741669192166,-14.815480389073846,-35.47600708644651,-53.8194693448199,8.682996334083667
53.11960538205654,-91.96266003808377,17.237724062928585,-309.4323254335293,-16.206113692693073,-37.29482423835059,-55.480184399479036,7.834712375116096
53.23673514774749,-94.89962497455106,16.52763792378162,-315.8190401451499,-17.562695677088705,-39.09644853898177,-57.07638154217383,7.000486721017402
53.31678713355655,-97.71783324151234,15.778783777408089,-322.0838050488247,-18.89654203014542,-40.86152503790077,-58.60841460958252,6.243117772845956
53.30801670485818,-100.44713761841946,15.031623554275365,-328.246243885033,-20.234040678213237,-42.55118716990176,-60.122397016272394,5.580835701727507
53.22584234041876,-103.11498398220341,14.317749035449491,-334.2990726651393,-21.594210269080058,-44.16598137793846,-61.666036915096036,4.962732164998079
53.131134500352125,-105.74021156739492,13.633497236130548,-340.20761987982235,-22.97335134691797,-45.75344769560864,-63.22446545321693,4.307235086210453
53.066778664245426,-108.33762233101642,12.958442463651618,-345.91606371440474,-24.347046789720217,-47.34224876116501,-64.71957831732517,3.579974066805863
53.032062862991445,-110.91411025283738,12.280271815107124,-351.3816825615606,-25.679793631485143,-48.90312922976374,-66.08527430545753,2.820570271739908
53.004566044479766,-113.46058412366143,11.59310791924305,-356.6104814068933,-26.944515623845994,-50.40037609069298,-67.33843168272075,2.084275704420583
52.96312494603854,-115.9481097397262,10.886682725455367,-361.64979686935186,-28.14405311399039,-51.84981136152589,-68.56528589564665,1.385169602304308
52.89148681442658,-118.34119242441234,10.151902686486517,-366.54536580217865,-29.313492920038463,-53.29680601891891,-69.83361487027226,0.708348545028928
52.77348296719129,-120.62969887304412,9.39355912225404,-371.3142602564536,-30.49875137537281,-54.759819577196986,-71.12760269111983,0.046480640131879136
52.59178843624796,-122.84437907614297,8.62963729061935,-375.9600559321981,-31.71763462480606,-56.21894745627406,-72.37987341232618,-0.5995879571475352
52.34522512035381,-125.0303434394636,7.8780112541379115,-380.4938029899964,-32.93385951120347,-57.6420367852006,-73.55244017569352,-1.2437579567418307
52.07457081658891,-127.19990365841257,7.147771071764988,-384.91622960937445,-34.08926006883319,-59.00221627667991,-74.66862587041835,-1.9083287013628425
51.84863183633946,-129.30709999238587,6.447960231617659,-389.18479143598773,-35.16278311712622,-60.28802780473966,-75.78249697330274,-2.588262511539458
51.70467901384365,-131.2811194665075,5.797338710341586,-393.23051086763127,-36.17573983427746,-61.51681240989512,-76.9270181202976,-3.248589296914848
51.616530324810135,-133.10396523236068,5.200986914596954,-397.0313252632134,-37.15523131276287,-62.72532677859765,-78.07507508761019,-3.8645144235127304
51.52820753153083,-134.84690533739877,4.6155667247074215,-400.6543508508557,-38.12428127690085,-63.9333048307506,-79.16210299817205,-4.446479517985029
51.39322358991445,-136.61362977136912,3.9733076882017544,-404.1945404682436,-39.109098918223644,-65.12326492850853,-80.16181045995826,-5.029588413901392
51.17989064494032,-138.44621774459176,3.2533746878783285,-407.67971353740165,-40.121937755345066,-66.26462564685117,-81.10674593586317,-5.6480884246919425
50.87278522701616,-140.2890094471602,2.505214836928486,-411.0606601731519,-41.14439676591655,-67.35596581122626,-82.02896131388327,-6.310764967573194
50.48291386564183,-142.04568978917996,1.7965944286177935,-414.27647375484355,-42.14326198257276,-68.43222921144825,-82.93294887923464,-6.991524515797039
50.054500356387685,-143.66942422954344,1.1601779429695638,-417.3073738934726,-43.096043306389326,-69.52038253612925,-83.82804963876039,-7.646219956842943
49.65703467737081,-145.19570560347063,0.5892495000352592,-420.18132765515224,-44.00176208070234,-70.59924543603073,-84.72982870372364,-8.246136639713882
49.34498777917623,-146.69528540815537,0.056581809125001215,-422.94589140707865,-44.87842933188147,-71.62474109256566,-85.62424078073066,-8.798050305701778
49.10918131418192,-148.20169379197455,-0.46895636943247254,-425.6241147162172,-45.74747697374129,-72.58610494290114,-86.47429404236227,-9.331978751733757
48.87971689316243,-149.6839579739655,-1.0062979028425345,-428.18972899354765,-46.61326829085913,-73.50766021475714,-87.26578753939982,-9.873242465838516
48.58523631224762,-151.082467265736,-1.5597825804673509,-430.59632893264984,-47.4605185941678,-74.40513840814735,-88.016402627152,-10.423600626576913
48.21030253654386,-152.36524231395606,-2.137793935561497,-432.8353713725986,-48.2716856497455,-75.2790507975913,-88.74499928715723,-10.961240930705968
47.80213851605914,-153.5576507408531,-2.762801860922943,-434.9464497761062,-49.04372953746621,-76.14919815269148,-89.45824758098702,-11.460655366106705
47.42693934017161,-154.72035638488887,-3.4440526740170094,-436.9664144110901,-49.792243244824064,-77.0535879656105,-90.15779053688705,-11.920062361984478
47.11505775154979,-155.89297066010818,-4.140447310196895,-438.8890821668655,-50.537642408539504,-77.99224798482838,-90.83776532497264,-12.3761953170754
46.83852707414503,-157.0639386976046,-4.777225292484939,-440.6795824658068,-51.28557889633361,-78.89741295855764,-91.47955971624107,-12.886805543774415
46.53585653132212,-158.18814343108568,-5.314493283952855,-442.3189367501402,-52.031011647776204,-79.68463792503944,-92.06472580746414,-13.476400064399328
46.162554649251554,-159.22144527438707,-5.7873682268278985,-443.8263141106817,-52.76956028802424,-80.32315866866763,-92.59630750538692,-14.093846613152918
45.72066125289974,-160.15330821937164,-6.271004717892294,-445.2294387920658,-53.48388121596002,-80.85300326328893,-93.09605415588807,-14.645243259648138
45.237877167250026,-161.0211697912589,-6.809204586232203,-446.5282308949453,-54.14378874411204,-81.35498182581118,-93.57825062848077,-15.082153573089343
44.73475222035717,-161.88138606972018,-7.379854157823101,-447.7052698745591,-54.7470570276468,-81.90494264559611,-94.04122502290308,-15.45213550092167
44.23453499458328,-162.75203922087496,-7.930645316314273,-448.7532066369039,-55.332701046816325,-82.53737063275189,-94.48653036825904,-15.8529767365887
43.78166736498549,-163.59209377144595,-8.437358119516968,-449.6769965078083,-55.930561497678056,-83.23961182259744,-94.93199196851192,-16.334391369205335
43.4055394479737,-164.34940189941005,-8.912968403566477,-450.48214171740756,-56.525916081235145,-83.96678050805347,-95.39557757478214,-16.857261338581537
43.07111857650023,-165.0188084325673,-9.375259017053278,-451.1704788491356,-57.095213974422954,-84.65867489917729,-95.86765432826964,-17.35594410701458
42.69965721289635,-165.6405895002864,-9.833415825160872,-451.7514299552084,-57.6519313820932,-85.2654137046507,-96.31304450401838,-17.818327325850404
42.24273554975952,-166.24972983017233,-10.29717214688863,-452.25410640138153,-58.23011898295413,-85.77517401245954,-96.70422117873751,-18.287955875772454
41.721157293241966,-166.83406440537902,-10.779035394866815,-452.7089404299381,-58.827874550349684,-86.21730063635214,-97.0349008965526,-18.800105451868802
41.18876314298138,-167.34678412704233,-11.294269666308953,-453.1079982694367,-59.3931634001409,-86.64231687639266,-97.30392191538546,-19.33508621550476
40.67326404383579,-167.76783328223485,-11.851760434025213,-453.4035898027357,-59.88492238520893,-87.09385946674642,-97.51981097126084,-19.83870274549885
40.16532503218196,-168.14266532438012,-12.421510928263745,-453.5597688652214,-60.32999273706559,-87.57539713932611,-97.71995835248175,-20.274444404117034
39.6547191372078,-168.53857928564508,-12.928415288783613,-453.583965014382,-60.78414242600359,-88.04146672784445,-97.94024002150014,-20.651269509119132
39.15843676450755,-168.96408370330755,-13.31966663737703,-453.49744586042243,-61.24972896300596,-88.44286795967734,-98.16415095931752,-21.0128705842627
38.70397212474172,-169.35477933200633,-13.64306605550458,-453.3009978678083,-61.67640836246516,-88.77464739251279,-98.34310264441412,-21.396126016592106
38.285451830300765,-169.64613334868045,-14.023463816638557,-452.9851196674094,-62.03855200071535,-89.06700897447858,-98.46807051543921,-21.79144139101193
37.854310936134546,-169.8444436640484,-14.534943179320894,-452.5610819270941,-62.37125659696016,-89.35019610777202,-98.5887512312017,-22.152953240321793
37.36669777419093,-170.0235344575617,-15.117251800827564,-452.06758670897426,-62.72349794343335,-89.63762916481123,-98.75215923146057,-22.44885016288735
36.82728710087358,-170.25540323071186,-15.648964872545793,-451.5425296285538,-63.09889201714314,-89.92614566342597,-98.94454347674464,-22.69385997372207
36.275443979096686,-170.5305143916832,-16.079044351914963,-450.987522894884,-63.45465585293987,-90.20845436789664,-99.1131861628809,-22.943324899660993
35.73615331061402,-170.7548550865513,-16.450327918108147,-450.3573906758925,-63.75428325456573,-90.48231884335375,-99.2245445930845,-23.25782391668885
35.19542801936692,-170.8521490191227,-16.82209665913064,-449.59343952644514,-64.00962025893465,-90.74166443362553,-99.27332821178778,-23.650377373747816
34.625309267824754,-170.8468464166737,-17.215888460220217,-448.6847166250703,-64.26400603914242,-90.97182535982357,-99.26349947239392,-24.07018975708293
34.02592062689536,-170.81477123674074,-17.622253330141138,-447.6877668960227,-64.54303562728255,-91.16349203849522,-99.22237451633465,-24.454644338119053
33.434598491634496,-170.787710704301,-18.018828243942792,-446.6637399132955,-64.83610546305651,-91.32004013483122,-99.20432274289284,-24.785407936046525
32.89234133175518,-170.7453954183598,-18.379250322849458,-445.60700724781907,-65.11885280130757,-91.44271810582579,-99.23325646416994,-25.091548085523684
32.40796290177628,-170.66796435918752,-18.690436361273672,-444.45904204707807,-65.37351508574834,-91.52238089492697,-99.26204809525622,-25.414020881399424
31.954480160248785,-170.55396489101201,-18.973001958390014,-443.17947334998917,-65.59219448403074,-91.55993913135823,-99.22258965356225,-25.76349537714127
31.488315072334736,-170.40318452685665,-19.269671379755593,-441.7778242775731,-65.77955176053506,-91.58103562514422,-99.09301950841508,-26.102705990001525
30.969961803499682,-170.21535788522857,-19.598928382930936,-440.286539156054,-65.95159178722098,-91.6133307867306,-98.88931094327894,-26.375364645529842
30.382341273095598,-169.999356055043,-19.93702076455917,-438.73233377788756,-66.12381351766696,-91.66033446967428,-98.63076902965288,-26.561709500970053
29.742287731388,-169.7610337330587,-20.26590748722167,-437.1308948365824,-66.30381619310076,-91.7127964353334,-98.36096491895366,-26.70316402193835
29.0953518922936,-169.49272577558042,-20.611529505350646,-435.4810792413456,-66.49495461515953,-91.7728818412052,-98.15449548953985,-26.86984613356897
28.496630188342557,-169.19516720525405,-20.997286345479882,-433.763591580886,-66.69214066826343,-91.83857072508151,-98.03501975813289,-27.108483338448522
27.978897807889787,-168.89091771941867,-21.39058953905847,-431.97028286879953,-66.86819647430285,-91.86971245787474,-97.9314884067535,-27.411876673187447
27.516993197708366,-168.58870777694256,-21.747449559698556,-430.13045067163273,-66.983795666212,-91.81172667522536,-97.77855064825197,-27.726887912118045
27.033500293960067,-168.25100993096777,-22.075082636098116,-428.2789594789731,-67.02179896028359,-91.65911531295471,-97.60211602060839,-28.001762612039172
26.465131431018342,-167.82718236956424,-22.390173132765696,-426.39143087958365,-67.00384278165397,-91.46285201315685,-97.4329887654077,-28.23332530326671
25.82410549628043,-167.31420309222358,-22.6615555804287,-424.37816698475194,-66.97973281698312,-91.27685280944705,-97.20414852765676,-28.459002307890145
25.185464840135417,-166.7637268079934,-22.871057283322603,-422.1767394246269,-67.00404186952845,-91.1227492336357,-96.84470561604219,-28.70398146208389
24.618902745856595,-166.22896394157726,-23.087700792251482,-419.8418103394386,-67.09856607963643,-90.99875189889626,-96.43167156080928,-28.95415848865734
24.133525284204843,-165.72413152447706,-23.39120654363971,-417.4996612255666,-67.22448078378856,-90.89474681653546,-96.1125262155066,-29.184040013826817
23.678965286854957,-165.235540675862,-23.745616202243937,-415.2159374027972,-67.30493249936562,-90.79192270706885,-95.88892519583256,-29.39323316805526
23.195597821780677,-164.73341945895152,-24.037556468619744,-412.95049199099066,-67.28798109375929,-90.66252477332044,-95.614013394118,-29.598753021682267
22.664998306946398,-164.16221800313474,-24.233823937853586,-410.63512405235565,-67.1938065471458,-90.48679031503893,-95.20637013132837,-29.797088268035694
22.111832736082768,-163.47417286838902,-24.41324948325929,-408.2391913089715,-67.0993760490001,-90.27003417192542,-94.73724700384305,-29.964388991079275
21.560385396388774,-162.69875573249664,-24.632232166691168,-405.7458575360465,-67.06750981648365,-90.03186478918433,-94.30021076676026,-30.102860038738484
21.00257347087857,-161.93449909842985,-24.857237847427502,-403.12864005706507,-67.09138211997673,-89.78499378027384,-93.91378540891209,-30.25374304361064
20.42129341140095,-161.2537291451303,-25.063548996622373,-400.4014180701711,-67.11839103629289,-89.53473842153964,-93.56508290593514,-30.45033447943844
19.831254362749785,-160.64437041276096,-25.288355552482113,-397.64141057673146,-67.1141741677395,-89.2850950795855,-93.2337162230317,-30.68199885176871
19.263925828191542,-160.03829414302965,-25.527637624738883,-394.9060591526222,-67.07849652808135,-89.02883142685901,-92.84197495076388,-30.90940754484025
18.71247064058475,-159.3643140489121,-25.69827722901364,-392.17497110140386,-67.01576774312808,-88.739678416574,-92.30172618199249,-31.09559832568378
18.12890997761688,-158.5836467533543,-25.7719893130543,-389.41187341612823,-66.91116399465936,-88.37181375664031,-91.66101193783612,-31.212700228968494
17.49112127403557,-157.56261121699143,-25.501350053637953,-386.47184888714844,-66.34325000500218,-87.00318425487806,-90.75931083862115,-30.849840925632513
16.845592025719935,-155.72210790996655,-23.464436059451383,-382.7204085754338,-63.5668272103212,-80.77440561589937,-88.18870162855731,-28.283646235496253
16.260802882018275,-152.35956366271733,-17.76831529994608,-377.37794595941006,-56.45837737618142,-64.98702155229687,-81.94642837361654,-21.414875256607147
15.853782067440148,-148.02773863615715,-9.701376602802892,-370.9779060632188,-46.62597627747976,-43.39729815037511,-73.14830368843606,-11.864354374384549
19.18524714881618,-141.07351040332645,-0.4372065112754133,-361.6160040458195,-36.033249696577805,-25.57015429802274,-62.830202091846274,-1.420755132149333
42.09345244267049,-115.38510566820922,26.396921009997815,-331.86308910715195,-8.332376935622856,2.15851030689919,-34.32464463192491,27.01774354802962
106.3892191113149,-45.457303358274736,101.8869806654821,-254.3553726498395,68.86060729419532,80.87903927765669,43.905591242907214,106.82130446516983
200.274315857353,58.036434930668506,217.14961437033784,-140.76048702020515,187.22108659198852,209.3649805198442,162.58066961596828,229.09796093842462
265.01259539810206,130.52227165177945,298.5281651790495,-60.815455276544064,271.17218881712745,303.9428480118152,246.35100721010195,315.48399097428535
275.686862088548,141.9054166572062,307.96495208705704,-47.85423903135191,280.7979548294191,313.55863051426604,256.2870112535691,324.13333580003723
309.21435699177323,173.61778678691425,334.6137803869713,-15.969633645777838,306.78928975712,334.38373151311134,283.40399462760683,347.68272401508244
437.10320968599575,304.92414381810187,470.2878085489445,120.34331331039218,443.729096258544,474.475140529516,421.6420105660639,484.04667939954163
579.1215439329903,453.940207862938,629.1996748299895,277.1848940840033,605.1902483343364,645.4568854353934,583.950578430475,646.763724569881
