82593.9921875,82680.5390625,82915.6796875,82815.09375,82933.734375,83125.9609375,82995.0703125,83041.7421875,-0.504150390625,0.023681640625,-0.81201171875,-0.6713866591453552,0.4882812201976776,0.3967284858226776,80.0,1251.0,1.0,M,M,O
82634.4921875,82721.21875,82956.1796875,82855.4140625,82974.2421875,83166.640625,83035.3046875,83082.15625,-0.506103515625,0.021728515625,-0.813232421875,-0.5798339247703552,0.5187987685203552,0.3051757514476776,80.0,1252.0,1.0,M,M,O
82449.8671875,82536.5,82771.640625,82670.7890625,82789.6171875,82982.109375,82850.5859375,82897.53125,-0.507080078125,0.021728515625,-0.814208984375,-0.6103515028953552,0.5798339247703552,0.3356933295726776,80.0,1253.0,1.0,M,M,O
82521.5703125,82608.03125,82843.4375,82742.5,82861.3203125,83053.8125,82922.5625,82969.5,-0.505859375,0.020751953125,-0.81396484375,-0.7019042372703552,0.5493163466453552,0.3051757514476776,80.0,1254.0,1.0,M,M,O
82791.578125,82877.9453125,83113.4453125,83012.234375,83131.234375,83323.90625,83192.390625,83239.5078125,-0.505859375,0.021484375,-0.81396484375,-0.7324218153953552,0.4882812201976776,0.3356933295726776,80.0,1255.0,1.0,M,M,O
82881.96875,82967.984375,83203.8359375,83102.8984375,83221.71875,83414.296875,83282.875,83329.8984375,-0.506103515625,0.01953125,-0.814697265625,-0.6103515028953552,0.4577636420726776,0.3967284858226776,80.0,1256.0,1.0,M,M,O
82700.296875,82787.0234375,83022.515625,82921.3984375,83040.578125,83232.8046875,83101.8203125,83148.671875,-0.50537109375,0.02099609375,-0.815185546875,-0.7324218153953552,0.5187987685203552,0.3967284858226776,80.0,1257.0,1.0,M,M,O
82706.1953125,82793.1875,83028.6015625,82927.296875,83046.125,83238.8828125,83107.546875,83154.5703125,-0.505615234375,0.02197265625,-0.815673828125,-0.7324218153953552,0.4577636420726776,0.4272460639476776,80.0,1258.0,1.0,M,M,O
82967.625,83054.703125,83289.84375,83189.0859375,83307.4609375,83500.4921875,83368.96875,83415.8203125,-0.506103515625,0.02001953125,-0.813720703125,-0.7019042372703552,0.5798339247703552,0.3662109076976776,80.0,1259.0,1.0,M,M,O
83103.8828125,83190.78125,83425.7421875,83324.984375,83443.71875,83636.7421875,83504.78125,83552.34375,-0.505126953125,0.020751953125,-0.81640625,-0.6103515028953552,0.4882812201976776,0.3662109076976776,80.0,1260.0,1.0,M,M,O
82945.453125,83032.0859375,83266.8671875,83166.109375,83284.75,83478.046875,83345.90625,83393.5546875,-0.506103515625,0.0205078125,-0.812744140625,-0.6408690810203552,0.4272460639476776,0.3662109076976776,80.0,1261.0,1.0,M,M,O
82886.4453125,82973.078125,83207.7734375,83107.0078125,83225.7421875,83418.7734375,83286.984375,83334.28125,-0.505615234375,0.022216796875,-0.814208984375,-0.7019042372703552,0.4882812201976776,0.4577636420726776,80.0,1262.0,1.0,M,M,O
83129.71875,83216.265625,83451.3125,83350.28125,83469.1953125,83662.046875,83530.3515625,83577.5546875,-0.506103515625,0.0205078125,-0.813720703125,-0.6713866591453552,0.4272460639476776,0.4272460639476776,80.0,1263.0,1.0,M,M,O
83307.8203125,83394.2734375,83629.3203125,83528.5625,83647.296875,83840.0546875,83708.453125,83755.921875,-0.504150390625,0.020263671875,-0.814453125,-0.6408690810203552,0.4272460639476776,0.4577636420726776,80.0,1264.0,1.0,M,M,O
83184.96875,83271.609375,83506.75,83406.25,83524.71875,83717.8359375,83586.0546875,83633.34375,-0.505126953125,0.02099609375,-0.8134765625,-0.6408690810203552,0.6408690810203552,0.4272460639476776,80.0,1265.0,1.0,M,M,O
83068.7421875,83155.46875,83390.6953125,83289.9375,83408.578125,83601.6953125,83469.8203125,83517.2109375,-0.504150390625,0.02001953125,-0.8125,-0.6408690810203552,0.5798339247703552,0.4272460639476776,80.0,1266.0,1.0,M,M,O
83279.1171875,83365.84375,83601.3359375,83500.3984375,83619.1328125,83812.25,83680.109375,83727.671875,-0.505615234375,0.020751953125,-0.8134765625,-0.7629393935203552,0.4577636420726776,0.3967284858226776,80.0,1267.0,1.0,M,M,O
83490.5625,83577.6484375,83812.875,83711.9375,83830.671875,84023.875,83891.640625,83939.2109375,-0.50537109375,0.0205078125,-0.813720703125,-0.6713866591453552,0.4882812201976776,0.4272460639476776,80.0,1268.0,1.0,M,M,O
83415.734375,83502.90625,83737.953125,83636.921875,83755.65625,83948.953125,83816.9921875,83864.4609375,-0.50390625,0.0205078125,-0.8125,-0.7629393935203552,0.4272460639476776,0.3967284858226776,80.0,1269.0,1.0,M,M,O
83251.671875,83338.5703125,83573.53125,83472.6796875,83591.4140625,83784.625,83652.65625,83700.40625,-0.50634765625,0.0205078125,-0.81494140625,-0.6713866591453552,0.4272460639476776,0.4882812201976776,80.0,1270.0,1.0,M,M,O
83416.359375,83502.90625,83738.0390625,83637.3671875,83755.8359375,83949.3125,83817.5234375,83864.9140625,-0.505859375,0.02099609375,-0.815185546875,-0.6408690810203552,0.4577636420726776,0.4272460639476776,80.0,1271.0,1.0,M,M,O
83653.5546875,83740.453125,83975.7734375,83874.75,83993.65625,84186.5078125,84054.9921875,84102.375,-0.504638671875,0.021240234375,-0.81591796875,-0.7019042372703552,0.4882812201976776,0.4577636420726776,80.0,1272.0,1.0,M,M,O
83633.796875,83720.609375,83956.2890625,83855.078125,83973.984375,84167.109375,84035.234375,84082.796875,-0.506591796875,0.019775390625,-0.814208984375,-0.6103515028953552,0.5493163466453552,0.3051757514476776,80.0,1273.0,1.0,M,M,O
83443.8046875,83530.53125,83766.3828125,83665.1796875,83783.90625,83977.1171875,83845.0625,83892.71875,-0.5068359375,0.01904296875,-0.812255859375,-0.5798339247703552,0.4882812201976776,0.3662109076976776,80.0,1274.0,1.0,M,M,O
83552.8828125,83639.3359375,83875.1953125,83773.625,83892.8984375,84085.8359375,83953.78125,84001.34375,-0.50537109375,0.0205078125,-0.811279296875,-0.6408690810203552,0.5187987685203552,0.4577636420726776,80.0,1275.0,1.0,M,M,O
83803.21875,83889.9453125,84125.625,84024.3203125,84143.1484375,84336.3515625,84204.2109375,84251.953125,-0.506591796875,0.020751953125,-0.8154296875,-0.7019042372703552,0.5187987685203552,0.4882812201976776,80.0,1276.0,1.0,M,M,O
83840.7734375,83928.03125,84163.265625,84062.4140625,84181.140625,84374.171875,84242.390625,84290.0390625,-0.504150390625,0.020751953125,-0.814208984375,-0.6408690810203552,0.6103515028953552,0.3356933295726776,80.0,1277.0,1.0,M,M,O
83644.1640625,83731.25,83966.390625,83865.71875,83984.5390625,84177.65625,84045.875,84093.34375,-0.505126953125,0.021728515625,-0.81396484375,-0.6408690810203552,0.6103515028953552,0.3662109076976776,80.0,1278.0,1.0,M,M,O
83689.140625,83776.21875,84011.625,83910.6875,84029.421875,84222.5390625,84090.9296875,84138.140625,-0.50537109375,0.021484375,-0.81591796875,-0.6408690810203552,0.5187987685203552,0.4272460639476776,80.0,1279.0,1.0,M,M,O
83942.6953125,84029.953125,84265.09375,84164.0703125,84282.7109375,84476.2734375,84344.1328125,84391.7890625,-0.505859375,0.020263671875,-0.814453125,-0.6408690810203552,0.4882812201976776,0.3967284858226776,80.0,1280.0,1.0,M,M,O
84036.6640625,84123.65625,84358.8828125,84258.2109375,84377.03125,84570.15625,84438.1015625,84485.9296875,-0.508056640625,0.0224609375,-0.812744140625,-0.6713866591453552,0.5493163466453552,0.4272460639476776,80.0,1281.0,1.0,M,M,O
83853.375,83940.1015625,84175.421875,84074.6640625,84193.484375,84386.515625,84254.7265625,84302.5625,-0.505859375,0.020263671875,-0.813720703125,-0.7324218153953552,0.5187987685203552,0.4577636420726776,80.0,1282.0,1.0,M,M,O
83833.53125,83920.1640625,84155.6640625,84054.71875,84173.3671875,84366.5703125,84235.0546875,84282.171875,-0.506591796875,0.020751953125,-0.8125,-0.6713866591453552,0.6103515028953552,0.4272460639476776,80.0,1283.0,1.0,M,M,O
84075.015625,84161.921875,84397.0625,84296.2109375,84414.8515625,84608.1484375,84476.3671875,84523.84375,-0.506591796875,0.01904296875,-0.8154296875,-0.6713866591453552,0.5493163466453552,0.5187987685203552,80.0,1284.0,1.0,M,M,O
84218.0703125,84304.96875,84540.46875,84439.3515625,84558.171875,84751.3828125,84619.5078125,84667.4296875,-0.506103515625,0.021484375,-0.8154296875,-0.6103515028953552,0.5493163466453552,0.4882812201976776,80.0,1285.0,1.0,M,M,O
84070.1875,84156.9140625,84392.59375,84291.5625,84410.1171875,84603.6796875,84471.5390625,84519.7265625,-0.505126953125,0.02001953125,-0.815673828125,-0.5798339247703552,0.4882812201976776,0.4882812201976776,80.0,1286.0,1.0,M,M,O
83988.7421875,84075.8203125,84311.234375,84210.109375,84328.578125,84522.140625,84390.265625,84437.828125,-0.505615234375,0.019775390625,-0.81298828125,-0.7019042372703552,0.4882812201976776,0.4577636420726776,80.0,1287.0,1.0,M,M,O
84202.0625,84289.4140625,84524.375,84423.171875,84541.9921875,84735.375,84603.59375,84651.515625,-0.508056640625,0.02001953125,-0.8134765625,-0.6713866591453552,0.4577636420726776,0.3967284858226776,80.0,1288.0,1.0,M,M,O
84382.3125,84469.6640625,84704.7109375,84603.59375,84722.4140625,84915.890625,84784.015625,84831.8515625,-0.507568359375,0.0205078125,-0.813720703125,-0.6713866591453552,0.4272460639476776,0.3356933295726776,80.0,1289.0,1.0,M,M,O
84277.7890625,84364.875,84600.1015625,84498.984375,84617.71875,84811.015625,84679.40625,84727.0625,-0.506103515625,0.01953125,-0.8125,-0.6103515028953552,0.3967284858226776,0.3051757514476776,80.0,1290.0,1.0,M,M,O
84136.53125,84223.2578125,84458.6640625,84357.6328125,84476.0078125,84669.484375,84537.609375,84585.53125,-0.5048828125,0.0205078125,-0.816650390625,-0.6408690810203552,0.3967284858226776,0.3662109076976776,80.0,1291.0,1.0,M,M,O
84289.7734375,84376.40625,84612.0,84510.515625,84629.4296875,84822.90625,84690.5859375,84738.8671875,-0.5078125,0.024169921875,-0.8125,-0.6408690810203552,0.4272460639476776,0.3662109076976776,80.0,1292.0,1.0,M,M,O
84487.2734375,84574.53125,84810.3046875,84708.9140625,84827.375,85020.765625,84889.0703125,84936.9921875,-0.5078125,0.02001953125,-0.810791015625,-0.6103515028953552,0.4577636420726776,0.3356933295726776,80.0,1293.0,1.0,M,M,O
84457.4140625,84544.2265625,84780.171875,84678.78125,84797.3359375,84991.078125,84859.1171875,84906.7734375,-0.50732421875,0.020751953125,-0.81591796875,-0.5493163466453552,0.5187987685203552,0.3967284858226776,80.0,1294.0,1.0,M,M,O
84308.015625,84394.828125,84630.5,84529.296875,84648.203125,84841.6796875,84709.625,84757.1953125,-0.505859375,0.02197265625,-0.814208984375,-0.6103515028953552,0.5493163466453552,0.3662109076976776,80.0,1295.0,1.0,M,M,O
84442.125,84529.296875,84764.703125,84663.765625,84782.4921875,84975.796875,84844.0078125,84891.5703125,-0.505615234375,0.02099609375,-0.813232421875,-0.7019042372703552,0.5493163466453552,0.3662109076976776,80.0,1296.0,1.0,M,M,O
84678.0703125,84765.1484375,85000.6484375,84899.2578125,85017.9921875,85211.6484375,85079.7734375,85127.3359375,-0.504638671875,0.02197265625,-0.815673828125,-0.6713866591453552,0.6103515028953552,0.4577636420726776,80.0,1297.0,1.0,M,M,O
84707.5703125,84794.7421875,85030.15625,84929.03125,85047.5859375,85240.9765625,85108.921875,85156.9296875,-0.506103515625,0.021484375,-0.813232421875,-0.7019042372703552,0.6408690810203552,0.3356933295726776,80.0,1298.0,1.0,M,M,O
84537.34375,84624.15625,84860.0078125,84758.7109375,84877.4453125,85070.65625,84938.6875,84986.7890625,-0.504638671875,0.0205078125,-0.81591796875,-0.6713866591453552,0.5493163466453552,0.4272460639476776,80.0,1299.0,1.0,M,M,O
84616.375,84703.640625,84938.6875,84837.9296875,84956.3046875,85149.8671875,85017.8125,85066.0078125,-0.505615234375,0.020263671875,-0.81640625,-0.7324218153953552,0.5493163466453552,0.4272460639476776,80.0,1300.0,1.0,M,M,O
84858.4921875,84945.9296875,85180.984375,85079.859375,85198.5078125,85392.515625,85260.46875,85308.65625,-0.506103515625,0.02001953125,-0.814697265625,-0.7019042372703552,0.4882812201976776,0.3967284858226776,80.0,1301.0,1.0,M,M,O
84945.3984375,85032.5703125,85267.6171875,85166.765625,85285.5859375,85479.421875,85346.921875,85395.5625,-0.50634765625,0.02001953125,-0.813720703125,-0.6408690810203552,0.5187987685203552,0.3051757514476776,80.0,1302.0,1.0,M,M,O
84787.140625,84874.3125,85109.7265625,85008.6953125,85127.3359375,85320.90625,85188.578125,85236.6796875,-0.50390625,0.021240234375,-0.812744140625,-0.6408690810203552,0.5493163466453552,0.3662109076976776,80.0,1303.0,1.0,M,M,O
84826.21875,84912.8515625,85148.6171875,85047.40625,85166.0546875,85359.6171875,85227.5625,85275.578125,-0.50537109375,0.01953125,-0.814208984375,-0.6713866591453552,0.3967284858226776,0.3967284858226776,80.0,1304.0,1.0,M,M,O
85082.1015625,85168.9140625,85403.9609375,85303.46875,85421.84375,85615.5859375,85483.4453125,85531.6328125,-0.506103515625,0.0205078125,-0.8173828125,-0.7019042372703552,0.3967284858226776,0.4577636420726776,80.0,1305.0,1.0,M,M,O
85221.75,85308.65625,85543.703125,85442.9453125,85561.40625,85755.0625,85623.0078125,85672.0078125,-0.5029296875,0.021240234375,-0.812744140625,-0.6408690810203552,0.4577636420726776,0.5493163466453552,80.0,1306.0,1.0,M,M,O
85079.4140625,85166.6796875,85402.0,85300.875,85419.4296875,85613.171875,85481.2109375,85529.9375,-0.505859375,0.021484375,-0.8134765625,-0.6103515028953552,0.5493163466453552,0.4272460639476776,80.0,1307.0,1.0,M,M,O
85058.765625,85146.1171875,85381.34375,85280.8515625,85398.953125,85592.703125,85461.09375,85509.015625,-0.505615234375,0.0205078125,-0.8134765625,-0.5493163466453552,0.4882812201976776,0.3967284858226776,80.0,1308.0,1.0,M,M,O
85305.4375,85392.4296875,85628.015625,85527.4375,85645.8984375,85839.734375,85707.5,85755.9609375,-0.505615234375,0.02099609375,-0.81591796875,-0.5798339247703552,0.4577636420726776,0.3356933295726776,80.0,1309.0,1.0,M,M,O
85478.6171875,85565.5234375,85801.109375,85699.8984375,85819.078125,86012.9140625,85880.234375,85929.140625,-0.505126953125,0.02099609375,-0.815673828125,-0.7019042372703552,0.4882812201976776,0.3967284858226776,80.0,1310.0,1.0,M,M,O
85358.453125,85445.1796875,85680.9453125,85579.6484375,85698.3828125,85892.390625,85760.1640625,85808.53125,-0.505126953125,0.02001953125,-0.81396484375,-0.6713866591453552,0.3662109076976776,0.4577636420726776,80.0,1311.0,1.0,M,M,O
85276.734375,85363.640625,85599.40625,85498.6484375,85616.84375,85810.765625,85678.796875,85727.171875,-0.504638671875,0.01953125,-0.81201171875,-0.7019042372703552,0.3356933295726776,0.4577636420726776,80.0,1312.0,1.0,M,M,O
85500.609375,85587.4296875,85823.375,85722.609375,85840.625,86034.640625,85902.5,85951.2265625,-0.505126953125,0.021484375,-0.81396484375,-0.6713866591453552,0.3662109076976776,0.4882812201976776,80.0,1313.0,1.0,M,M,O
85702.671875,85789.484375,86025.25,85924.3984375,86042.6875,86236.703125,86104.1953125,86153.015625,-0.5048828125,0.021728515625,-0.81689453125,-0.7019042372703552,0.3967284858226776,0.3967284858226776,80.0,1314.0,1.0,M,M,O
85615.9453125,85703.1171875,85938.703125,85837.5859375,85956.140625,86149.9765625,86017.3828125,86065.9296875,-0.505615234375,0.02099609375,-0.81298828125,-0.7019042372703552,0.4577636420726776,0.3356933295726776,80.0,1315.0,1.0,M,M,O
85484.7890625,85572.140625,85807.6328125,85706.515625,85825.4296875,86018.90625,85886.5859375,85935.1328125,-0.50439453125,0.018310546875,-0.8154296875,-0.6408690810203552,0.5187987685203552,0.3356933295726776,80.0,1316.0,1.0,M,M,O
85676.296875,85763.5546875,85998.96875,85897.9375,86016.9375,86210.7734375,86078.0,86126.7265625,-0.505859375,0.0185546875,-0.815185546875,-0.7019042372703552,0.4577636420726776,0.4577636420726776,80.0,1317.0,1.0,M,M,O
85905.8046875,85993.15625,86228.7421875,86127.8046875,86246.265625,86440.0078125,86307.78125,86356.4140625,-0.506103515625,0.02099609375,-0.815673828125,-0.7324218153953552,0.4577636420726776,0.4272460639476776,80.0,1318.0,1.0,M,M,O
85867.2734375,85954.6171875,86190.2109375,86088.90625,86207.375,86401.2109375,86268.7109375,86317.703125,-0.50439453125,0.020751953125,-0.814697265625,-0.7019042372703552,0.4882812201976776,0.4272460639476776,80.0,1319.0,1.0,M,M,O
85696.6796875,85783.8515625,86019.890625,85918.59375,86036.875,86230.7109375,86098.1171875,86147.1171875,-0.504638671875,0.021728515625,-0.814697265625,-0.6408690810203552,0.4577636420726776,0.3662109076976776,80.0,1320.0,1.0,M,M,O
85839.2890625,85926.1875,86162.2265625,86060.75,86179.390625,86373.3125,86240.9921875,86289.625,-0.505126953125,0.022705078125,-0.8134765625,-0.7019042372703552,0.4272460639476776,0.4577636420726776,80.0,1321.0,1.0,M,M,O
86088.015625,86175.3671875,86410.7734375,86309.1171875,86428.2109375,86622.046875,86489.71875,86538.8046875,-0.505126953125,0.022705078125,-0.81494140625,-0.6713866591453552,0.4882812201976776,0.4577636420726776,80.0,1322.0,1.0,M,M,O
86101.9609375,86189.7578125,86425.078125,86323.6015625,86442.515625,86636.171875,86503.8515625,86553.0234375,-0.5068359375,0.02294921875,-0.81396484375,-0.6103515028953552,0.4882812201976776,0.4272460639476776,80.0,1323.0,1.0,M,M,O
85912.328125,85999.859375,86235.09375,86133.7890625,86252.796875,86446.359375,86314.125,86363.03125,-0.506103515625,0.022216796875,-0.814697265625,-0.6713866591453552,0.5798339247703552,0.4272460639476776,80.0,1324.0,1.0,M,M,O
85996.375,86084.4375,86319.578125,86218.1953125,86337.015625,86531.03125,86398.6171875,86447.5234375,-0.504638671875,0.022216796875,-0.814697265625,-0.6103515028953552,0.4882812201976776,0.4272460639476776,80.0,1325.0,1.0,M,M,O
86255.921875,86343.71875,86579.0390625,86477.6484375,86596.5625,86790.3046875,86657.984375,86706.984375,-0.504150390625,0.021240234375,-0.815673828125,-0.7324218153953552,0.3662109076976776,0.5187987685203552,80.0,1326.0,1.0,M,M,O
86323.515625,86411.3125,86646.8125,86545.3359375,86664.15625,86858.2578125,86725.578125,86774.3046875,-0.5048828125,0.021484375,-0.814453125,-0.6713866591453552,0.4577636420726776,0.4272460639476776,80.0,1327.0,1.0,M,M,O
86132.6328125,86220.6953125,86455.8359375,86354.5390625,86473.359375,86667.1953125,86534.875,86583.6015625,-0.5048828125,0.0205078125,-0.813232421875,-0.6408690810203552,0.4272460639476776,0.3967284858226776,80.0,1328.0,1.0,M,M,O
86152.8359375,86240.6328125,86476.1328125,86374.7421875,86493.4765625,86687.3984375,86555.078125,86604.1640625,-0.506103515625,0.021728515625,-0.81005859375,-0.7324218153953552,0.4882812201976776,0.3967284858226776,80.0,1329.0,1.0,M,M,O
86409.8828125,86497.5,86733.1796875,86631.703125,86750.25,86944.53125,86812.125,86861.2109375,-0.505859375,0.0234375,-0.8125,-0.6408690810203552,0.4272460639476776,0.4577636420726776,80.0,1330.0,1.0,M,M,O
86527.71875,86615.15625,86850.65625,86749.625,86867.9140625,87062.1953125,86929.6953125,86979.046875,-0.505859375,0.02197265625,-0.814208984375,-0.7629393935203552,0.4882812201976776,0.3051757514476776,80.0,1331.0,1.0,M,M,O
86355.96875,86443.2265625,86678.7265625,86577.34375,86696.1640625,86890.4453125,86757.765625,86807.1171875,-0.504638671875,0.021484375,-0.819580078125,-0.7019042372703552,0.5187987685203552,0.4577636420726776,80.0,1332.0,1.0,M,M,O
86309.8359375,86397.1875,86632.7734375,86531.203125,86650.2109375,86844.21875,86711.453125,86760.7109375,-0.504150390625,0.02197265625,-0.8154296875,-0.7019042372703552,0.5798339247703552,0.4577636420726776,80.0,1333.0,1.0,M,M,O
86550.7890625,86637.9609375,86873.7265625,86772.0703125,86891.15625,87084.9921875,86952.4921875,87001.21875,-0.505615234375,0.0224609375,-0.814208984375,-0.6713866591453552,0.4577636420726776,0.3662109076976776,80.0,1334.0,1.0,M,M,O
86711.1796875,86798.9765625,87034.8359375,86932.734375,87051.8203125,87245.8359375,87113.3359375,87162.2421875,-0.506103515625,0.02001953125,-0.816162109375,-0.6713866591453552,0.4577636420726776,0.3662109076976776,80.0,1335.0,1.0,M,M,O
86574.390625,86662.453125,86897.8671875,86795.765625,86914.9375,87108.8671875,86976.3671875,87025.4453125,-0.505859375,0.01953125,-0.818115234375,-0.7324218153953552,0.4882812201976776,0.3662109076976776,80.0,1336.0,1.0,M,M,O
86468.53125,86556.0625,86791.9140625,86690.0859375,86808.9921875,87003.09375,86870.7734375,86919.59375,-0.50439453125,0.022216796875,-0.815185546875,-0.7019042372703552,0.5187987685203552,0.4577636420726776,80.0,1337.0,1.0,M,M,O
86679.265625,86766.703125,87002.6484375,86901.0859375,87019.4609375,87214.3671875,87081.7734375,87130.3203125,-0.506103515625,0.020751953125,-0.815673828125,-0.7324218153953552,0.5187987685203552,0.4272460639476776,80.0,1338.0,1.0,M,M,O
86876.5859375,86964.203125,87199.8828125,87098.40625,87216.8671875,87411.6875,87278.6484375,87327.734375,-0.50537109375,0.020751953125,-0.811767578125,-0.6103515028953552,0.4577636420726776,0.5187987685203552,80.0,1339.0,1.0,M,M,O
86788.34375,86876.2265625,87111.7265625,87009.984375,87128.984375,87323.3515625,87190.5859375,87239.4921875,-0.5048828125,0.02001953125,-0.81298828125,-0.6713866591453552,0.4577636420726776,0.3967284858226776,80.0,1340.0,1.0,M,M,O
86634.7421875,86722.625,86958.125,86856.3828125,86975.2890625,87169.390625,87036.7109375,87085.796875,-0.505126953125,0.020751953125,-0.8134765625,-0.6713866591453552,0.4577636420726776,0.3051757514476776,80.0,1341.0,1.0,M,M,O
86806.4921875,86894.109375,87129.7890625,87028.3125,87146.59375,87341.140625,87208.5546875,87257.4609375,-0.506103515625,0.022216796875,-0.814208984375,-0.7019042372703552,0.4272460639476776,0.3662109076976776,80.0,1342.0,1.0,M,M,O
87031.796875,87119.234375,87355.1796875,87253.5234375,87371.9921875,87566.453125,87434.0390625,87483.2109375,-0.50634765625,0.022216796875,-0.8134765625,-0.6408690810203552,0.6103515028953552,0.3356933295726776,80.0,1343.0,1.0,M,M,O
87000.5,87087.8515625,87323.7109375,87221.875,87340.875,87535.0703125,87402.390625,87451.921875,-0.50537109375,0.02197265625,-0.812255859375,-0.7019042372703552,0.5187987685203552,0.3967284858226776,80.0,1344.0,1.0,M,M,O
86817.6640625,86904.75,87140.78125,87038.9453125,87157.6796875,87352.234375,87219.640625,87268.6328125,-0.504638671875,0.021484375,-0.814208984375,-0.6713866591453552,0.4577636420726776,0.3662109076976776,80.0,1345.0,1.0,M,M,O
86936.0390625,87023.2109375,87259.25,87157.7734375,87276.328125,87470.78125,87338.4609375,87387.3671875,-0.505615234375,0.021240234375,-0.817626953125,-0.6713866591453552,0.4272460639476776,0.3967284858226776,80.0,1346.0,1.0,M,M,O
87176.7265625,87264.2578125,87499.3984375,87398.3671875,87517.2734375,87711.734375,87578.96875,87628.3203125,-0.50732421875,0.02197265625,-0.816162109375,-0.7019042372703552,0.4577636420726776,0.3967284858226776,80.0,1347.0,1.0,M,M,O
87205.2421875,87292.8671875,87528.2734375,87426.8828125,87545.796875,87740.34375,87607.578125,87656.84375,-0.50634765625,0.0205078125,-0.814208984375,-0.7324218153953552,0.4882812201976776,0.3051757514476776,80.0,1348.0,1.0,M,M,O
87014.09375,87101.53125,87337.296875,87235.9140625,87354.8203125,87549.1953125,87416.3359375,87465.78125,-0.5068359375,0.02001953125,-0.814453125,-0.8239745497703552,0.4882812201976776,0.4577636420726776,80.0,1349.0,1.0,M,M,O
87071.8515625,87159.3828125,87395.1484375,87293.7578125,87412.3984375,87607.0390625,87474.09375,87523.7109375,-0.5078125,0.02197265625,-0.814453125,-0.7324218153953552,0.4882812201976776,0.4272460639476776,80.0,1350.0,1.0,M,M,O
87318.6171875,87405.9609375,87642.1796875,87540.4296875,87658.8984375,87853.5390625,87721.03125,87770.4765625,-0.5068359375,0.020263671875,-0.814697265625,-0.6408690810203552,0.5187987685203552,0.3967284858226776,80.0,1351.0,1.0,M,M,O
87405.25,87492.5078125,87728.453125,87626.796875,87745.3515625,87939.90625,87807.1328125,87856.6640625,-0.50634765625,0.019775390625,-0.815185546875,-0.7019042372703552,0.4882812201976776,0.3967284858226776,80.0,1352.0,1.0,M,M,O
87227.421875,87314.6796875,87550.7109375,87448.8828125,87567.703125,87762.34375,87629.6640625,87678.921875,-0.5048828125,0.021728515625,-0.813232421875,-0.6103515028953552,0.4577636420726776,0.3662109076976776,80.0,1353.0,1.0,M,M,O
87226.2578125,87314.0546875,87549.90625,87447.8984375,87566.984375,87761.359375,87628.765625,87678.296875,-0.5048828125,0.021728515625,-0.815185546875,-0.6713866591453552,0.5493163466453552,0.3967284858226776,80.0,1354.0,1.0,M,M,O
87473.9140625,87561.796875,87797.296875,87695.375,87814.5546875,88009.1953125,87876.2421875,87926.046875,-0.5048828125,0.022216796875,-0.812744140625,-0.7019042372703552,0.5798339247703552,0.4272460639476776,80.0,1355.0,1.0,M,M,O
87615.984375,87703.6015625,87938.828125,87837.3515625,87956.265625,88151.171875,88018.3125,88067.578125,-0.505126953125,0.02001953125,-0.81494140625,-0.6713866591453552,0.5187987685203552,0.3967284858226776,80.0,1356.0,1.0,M,M,O
87469.0,87556.6171875,87792.109375,87690.6328125,87809.7265625,88004.3671875,87871.328125,87920.859375,-0.505126953125,0.020263671875,-0.816650390625,-0.6408690810203552,0.4882812201976776,0.3967284858226776,80.0,1357.0,1.0,M,M,O
87413.1171875,87501.0078125,87736.3203125,87634.84375,87754.0234375,87948.578125,87815.4453125,87865.4296875,-0.50537109375,0.02099609375,-0.813232421875,-0.6408690810203552,0.5493163466453552,0.3967284858226776,80.0,1358.0,1.0,M,M,O
87647.1875,87734.53125,87970.2109375,87868.5546875,87987.6484375,88182.375,88049.25,88099.2265625,-0.5029296875,0.019775390625,-0.815185546875,-0.6408690810203552,0.4577636420726776,0.4272460639476776,80.0,1359.0,1.0,M,M,O
87829.3046875,87916.65625,88152.3359375,88050.5859375,88169.9453125,88364.2265625,88231.28125,88280.8125,-0.504150390625,0.02001953125,-0.8134765625,-0.6713866591453552,0.4882812201976776,0.3967284858226776,80.0,1360.0,1.0,M,M,O
87718.890625,87806.328125,88042.1875,87940.53125,88059.53125,88253.8984375,88120.953125,88170.5703125,-0.504638671875,0.0205078125,-0.81591796875,-0.7629393935203552,0.5187987685203552,0.4577636420726776,80.0,1361.0,1.0,M,M,O
87609.546875,87696.984375,87933.1953125,87831.09375,87949.734375,88144.6484375,88011.609375,88061.2265625,-0.505615234375,0.022216796875,-0.8154296875,-0.6713866591453552,0.4882812201976776,0.4577636420726776,80.0,1362.0,1.0,M,M,O
87815.2734375,87902.890625,88138.7421875,88036.5546875,88155.1953125,88350.28125,88217.2421875,88266.953125,-0.50439453125,0.021484375,-0.814453125,-0.7324218153953552,0.4577636420726776,0.3662109076976776,80.0,1363.0,1.0,M,M,O
88026.8046875,88114.3359375,88350.015625,88248.359375,88366.8203125,88562.171875,88428.78125,88478.9375,-0.504638671875,0.02099609375,-0.8115234375,-0.7019042372703552,0.5187987685203552,0.3662109076976776,80.0,1364.0,1.0,M,M,O
87962.1640625,88050.0546875,88285.28125,88183.8984375,88302.71875,88497.8046875,88364.2265625,88414.5625,-0.505615234375,0.02197265625,-0.81201171875,-0.5798339247703552,0.4272460639476776,0.4882812201976776,80.0,1365.0,1.0,M,M,O
87807.578125,87895.46875,88130.875,88029.578125,88148.1328125,88343.484375,88209.8203125,88259.8046875,-0.504638671875,0.021484375,-0.8154296875,-0.7019042372703552,0.5798339247703552,0.4272460639476776,80.0,1366.0,1.0,M,M,O
87970.75,88058.453125,88294.046875,88192.390625,88311.296875,88506.65625,88373.171875,88423.234375,-0.5048828125,0.021484375,-0.81298828125,-0.7324218153953552,0.5187987685203552,0.3662109076976776,80.0,1367.0,1.0,M,M,O
88205.4453125,88292.96875,88528.828125,88427.171875,88546.0859375,88741.171875,88607.7734375,88657.84375,-0.506103515625,0.020751953125,-0.81591796875,-0.6713866591453552,0.4882812201976776,0.3967284858226776,80.0,1368.0,1.0,M,M,O
88190.9609375,88278.484375,88514.1640625,88412.7734375,88531.0625,88726.5078125,88593.0234375,88643.0,-0.506591796875,0.021240234375,-0.812744140625,-0.7324218153953552,0.5187987685203552,0.4272460639476776,80.0,1369.0,1.0,M,M,O
88009.8203125,88097.171875,88332.9375,88231.640625,88350.1015625,88545.453125,88411.4375,88461.953125,-0.505615234375,0.021240234375,-0.8154296875,-0.7019042372703552,0.4882812201976776,0.3051757514476776,80.0,1370.0,1.0,M,M,O
88122.296875,88209.9140625,88445.5859375,88344.203125,88462.578125,88658.109375,88524.4453125,88574.6953125,-0.506103515625,0.020263671875,-0.81396484375,-0.7324218153953552,0.4272460639476776,0.3356933295726776,80.0,1371.0,1.0,M,M,O
88373.078125,88460.6953125,88696.734375,88594.984375,88713.71875,88908.8046875,88775.4140625,88825.9296875,-0.506103515625,0.021484375,-0.8115234375,-0.7019042372703552,0.3662109076976776,0.3662109076976776,80.0,1372.0,1.0,M,M,O
88412.1484375,88499.3203125,88735.359375,88633.703125,88752.34375,88947.5234375,88814.3046875,88864.7265625,-0.505859375,0.0205078125,-0.814697265625,-0.5493163466453552,0.4577636420726776,0.3662109076976776,80.0,1373.0,1.0,M,M,O
88220.375,88307.6328125,88543.3984375,88442.1015625,88560.5625,88755.5625,88622.703125,88672.953125,-0.50732421875,0.021728515625,-0.813720703125,-0.5493163466453552,0.4882812201976776,0.3356933295726776,80.0,1374.0,1.0,M,M,O
88271.6953125,88359.578125,88594.984375,88493.6875,88612.3359375,88807.1484375,88673.9375,88724.2734375,-0.505859375,0.024658203125,-0.816162109375,-0.6713866591453552,0.4882812201976776,0.3662109076976776,80.0,1375.0,1.0,M,M,O
88524.4453125,88612.0625,88847.921875,88746.171875,88865.0,89059.90625,88926.953125,88976.9375,-0.505859375,0.0224609375,-0.8134765625,-0.6713866591453552,0.4577636420726776,0.3967284858226776,80.0,1376.0,1.0,M,M,O
88617.4296875,88704.6015625,88940.7265625,88839.0703125,88957.7109375,89153.0625,89020.1171875,89070.0078125,-0.507080078125,0.020751953125,-0.81103515625,-0.7019042372703552,0.4577636420726776,0.3356933295726776,80.0,1377.0,1.0,M,M,O
88436.2890625,88523.5546875,88759.40625,88658.1953125,88776.84375,88971.9296875,88838.625,88888.5078125,-0.506103515625,0.021484375,-0.812744140625,-0.7019042372703552,0.4577636420726776,0.3967284858226776,80.0,1378.0,1.0,M,M,O
88423.953125,88511.2109375,88746.9765625,88645.6796875,88764.6796875,88959.5,88825.9296875,88876.4375,-0.50634765625,0.020751953125,-0.813720703125,-0.7629393935203552,0.5493163466453552,0.4577636420726776,80.0,1379.0,1.0,M,M,O
88668.8359375,88756.1875,88991.8671875,88890.4765625,89009.390625,89204.296875,89071.078125,89121.4140625,-0.508056640625,0.021484375,-0.81103515625,-0.7019042372703552,0.6103515028953552,0.3356933295726776,80.0,1380.0,1.0,M,M,O
88808.9375,88895.9296875,89131.875,89029.953125,89149.21875,89343.953125,89210.640625,89261.0703125,-0.507080078125,0.02099609375,-0.8115234375,-0.7324218153953552,0.4882812201976776,0.3051757514476776,80.0,1381.0,1.0,M,M,O
88653.28125,88740.71875,88976.578125,88874.65625,88994.1875,89188.921875,89055.4375,89105.7734375,-0.505859375,0.021728515625,-0.810302734375,-0.6713866591453552,0.4272460639476776,0.3662109076976776,80.0,1382.0,1.0,M,M,O
88575.8515625,88663.3828125,88899.2421875,88797.4921875,88916.40625,89111.3125,88977.9140625,89028.1640625,-0.505126953125,0.021240234375,-0.81005859375,-0.5798339247703552,0.4577636420726776,0.3967284858226776,80.0,1383.0,1.0,M,M,O
88795.703125,88882.875,89118.8203125,89017.078125,89135.9921875,89331.1640625,89198.0390625,89248.109375,-0.506103515625,0.021240234375,-0.814208984375,-0.6713866591453552,0.4272460639476776,0.3967284858226776,80.0,1384.0,1.0,M,M,O
88971.5703125,89058.7421875,89294.953125,89192.9453125,89312.03125,89507.2109375,89373.8984375,89424.328125,-0.50390625,0.02099609375,-0.814453125,-0.6408690810203552,0.5493163466453552,0.4272460639476776,80.0,1385.0,1.0,M,M,O
88860.6171875,88947.96875,89183.9140625,89081.8984375,89201.1640625,89396.078125,89262.9453125,89313.28125,-0.506103515625,0.020751953125,-0.81396484375,-0.5798339247703552,0.5493163466453552,0.4272460639476776,80.0,1386.0,1.0,M,M,O
88730.171875,88817.4296875,89053.5546875,88951.71875,89070.71875,89265.5390625,89132.6796875,89182.484375,-0.50634765625,0.021728515625,-0.8134765625,-0.6713866591453552,0.4577636420726776,0.3356933295726776,80.0,1387.0,1.0,M,M,O
88912.6484375,89000.09375,89235.9453125,89134.3828125,89253.2890625,89448.0234375,89315.1640625,89365.3203125,-0.5048828125,0.019287109375,-0.814453125,-0.5493163466453552,0.3967284858226776,0.3967284858226776,80.0,1388.0,1.0,M,M,O
89111.578125,89199.109375,89435.234375,89333.4921875,89452.3984375,89647.21875,89514.1796875,89564.609375,-0.506103515625,0.019775390625,-0.8154296875,-0.6103515028953552,0.4882812201976776,0.4882812201976776,80.0,1389.0,1.0,M,M,O
89037.1015625,89124.7265625,89361.0234375,89259.1015625,89378.1015625,89572.828125,89439.5234375,89490.3984375,-0.508544921875,0.020751953125,-0.812744140625,-0.6408690810203552,0.4882812201976776,0.3662109076976776,80.0,1390.0,1.0,M,M,O
88847.7421875,88935.0,89171.3046875,89069.7421875,89188.1171875,89383.2890625,89249.8046875,89300.3203125,-0.50537109375,0.020263671875,-0.813720703125,-0.6713866591453552,0.3662109076976776,0.3662109076976776,80.0,1391.0,1.0,M,M,O
88932.140625,89019.40625,89255.9765625,89154.140625,89272.6953125,89468.046875,89334.4765625,89384.8984375,-0.505126953125,0.01806640625,-0.81591796875,-0.7019042372703552,0.4882812201976776,0.3051757514476776,80.0,1392.0,1.0,M,M,O
89063.125,89150.7421875,89386.7734375,89284.8515625,89403.765625,89598.8515625,89465.546875,89516.1484375,-0.50439453125,0.021240234375,-0.811767578125,-0.7324218153953552,0.4882812201976776,0.3051757514476776,80.0,1393.0,1.0,M,M,O
89045.8671875,89132.953125,89369.1640625,89267.59375,89386.328125,89581.234375,89448.0234375,89498.265625,-0.503173828125,0.022216796875,-0.8125,-0.7629393935203552,0.5493163466453552,0.3662109076976776,80.0,1394.0,1.0,M,M,O
88873.4921875,88960.84375,89196.96875,89095.484375,89214.578125,89409.0390625,89275.9140625,89325.9765625,-0.506103515625,0.02294921875,-0.8134765625,-0.7019042372703552,0.5187987685203552,0.4577636420726776,80.0,1395.0,1.0,M,M,O
88976.3984375,89064.015625,89299.875,89198.0390625,89317.3984375,89512.2109375,89379.0859375,89429.15625,-0.506591796875,0.0205078125,-0.814697265625,-0.6408690810203552,0.5187987685203552,0.4577636420726776,80.0,1396.0,1.0,M,M,O
89220.03125,89307.5625,89543.59375,89441.671875,89560.8515625,89755.7578125,89622.3671875,89672.875,-0.5048828125,0.020263671875,-0.814453125,-0.6713866591453552,0.4882812201976776,0.4272460639476776,80.0,1397.0,1.0,M,M,O
89279.484375,89367.015625,89603.0546875,89501.3984375,89620.0390625,89815.2109375,89681.8203125,89732.78125,-0.505126953125,0.02001953125,-0.81298828125,-0.6103515028953552,0.5187987685203552,0.3967284858226776,80.0,1398.0,1.0,M,M,O
89093.96875,89181.40625,89417.171875,89315.4296875,89434.1640625,89628.9765625,89495.8515625,89546.8125,-0.507080078125,0.020263671875,-0.812255859375,-0.7934569716453552,0.4882812201976776,0.4272460639476776,80.0,1399.0,1.0,M,M,O
89107.203125,89194.90625,89430.8515625,89329.015625,89447.484375,89642.8359375,89509.4453125,89560.1328125,-0.50634765625,0.021728515625,-0.814453125,-0.7629393935203552,0.5187987685203552,0.3967284858226776,80.0,1400.0,1.0,M,M,O
89328.390625,89416.28125,89651.8671875,89550.390625,89668.8515625,89864.1171875,89731.171875,89781.5078125,-0.506591796875,0.02099609375,-0.814697265625,-0.7019042372703552,0.4272460639476776,0.3967284858226776,80.0,1401.0,1.0,M,M,O
89445.609375,89533.40625,89769.2578125,89667.6953125,89785.9765625,89981.3359375,89848.203125,89898.71875,-0.5068359375,0.022216796875,-0.816650390625,-0.6408690810203552,0.4272460639476776,0.3967284858226776,80.0,1402.0,1.0,M,M,O
89298.7109375,89386.328125,89622.09375,89520.6171875,89639.171875,89834.4375,89701.0390625,89751.734375,-0.505859375,0.020751953125,-0.8134765625,-0.6713866591453552,0.4882812201976776,0.3356933295726776,80.0,1403.0,1.0,M,M,O
89273.5,89361.0234375,89597.0625,89495.3125,89613.9609375,89809.578125,89675.6484375,89726.5234375,-0.505859375,0.01953125,-0.813232421875,-0.6713866591453552,0.4577636420726776,0.3051757514476776,80.0,1404.0,1.0,M,M,O
89505.328125,89592.859375,89828.984375,89726.8828125,89845.7890625,90041.1484375,89907.84375,89958.53125,-0.506103515625,0.0205078125,-0.813232421875,-0.7019042372703552,0.5187987685203552,0.3662109076976776,80.0,1405.0,1.0,M,M,O
89671.09375,89758.6171875,89994.5625,89892.5546875,90011.1953125,90206.8203125,90073.6015625,90124.3828125,-0.5048828125,0.020751953125,-0.812744140625,-0.6713866591453552,0.5798339247703552,0.3356933295726776,80.0,1406.0,1.0,M,M,O
89557.2734375,89644.625,89880.75,89778.734375,89897.6484375,90093.1796875,89959.875,90010.5703125,-0.5048828125,0.0234375,-0.814697265625,-0.6713866591453552,0.4882812201976776,0.4577636420726776,80.0,1407.0,1.0,M,M,O
89482.796875,89570.0625,89806.0078125,89704.171875,89822.9921875,90018.6171875,89885.1328125,89935.6484375,-0.502685546875,0.023193359375,-0.814453125,-0.7324218153953552,0.4577636420726776,0.4577636420726776,80.0,1408.0,1.0,M,M,O
89696.8359375,89783.921875,90020.2265625,89918.4765625,90037.03125,90232.65625,90099.3515625,90150.046875,-0.505126953125,0.021728515625,-0.8125,-0.7019042372703552,0.4882812201976776,0.4577636420726776,80.0,1409.0,1.0,M,M,O
89897.3828125,89984.5546875,90221.390625,90118.9296875,90237.84375,90433.4609375,90299.9765625,90351.03125,-0.506103515625,0.022705078125,-0.813232421875,-0.6103515028953552,0.4882812201976776,0.4577636420726776,80.0,1410.0,1.0,M,M,O
89824.9609375,89912.4921875,90148.7890625,90046.78125,90165.5078125,90360.7734375,90227.3828125,90278.1640625,-0.50537109375,0.021484375,-0.813720703125,-0.7019042372703552,0.4577636420726776,0.4272460639476776,80.0,1411.0,1.0,M,M,O
89704.4375,89791.96875,90028.0,89925.9921875,90044.71875,90240.1640625,90106.6796875,90157.4609375,-0.506103515625,0.02099609375,-0.8154296875,-0.7934569716453552,0.3967284858226776,0.4272460639476776,80.0,1412.0,1.0,M,M,O
89887.546875,89975.0703125,90211.2890625,90109.3671875,90228.2734375,90423.359375,90290.234375,90340.9296875,-0.505615234375,0.019775390625,-0.813720703125,-0.6408690810203552,0.4577636420726776,0.4272460639476776,80.0,1413.0,1.0,M,M,O
90109.3671875,90196.53125,90433.015625,90330.828125,90450.0078125,90645.265625,90511.78125,90562.8359375,-0.507568359375,0.02001953125,-0.813232421875,-0.6713866591453552,0.5187987685203552,0.3967284858226776,80.0,1414.0,1.0,M,M,O
90080.125,90167.2109375,90403.6875,90301.765625,90420.5859375,90616.125,90482.4609375,90533.78125,-0.5078125,0.021240234375,-0.814208984375,-0.5798339247703552,0.4882812201976776,0.3967284858226776,80.0,1415.0,1.0,M,M,O
89919.90625,90007.4375,90243.7421875,90141.90625,90260.8203125,90455.9921875,90322.78125,90374.0078125,-0.50537109375,0.021484375,-0.8154296875,-0.7019042372703552,0.5187987685203552,0.3967284858226776,80.0,1416.0,1.0,M,M,O
90059.65625,90147.09375,90383.578125,90281.6484375,90400.203125,90595.734375,90462.5234375,90513.6640625,-0.505859375,0.01904296875,-0.814697265625,-0.7934569716453552,0.4272460639476776,0.3662109076976776,80.0,1417.0,1.0,M,M,O
90299.9765625,90387.6015625,90623.8125,90521.890625,90640.6171875,90836.6015625,90702.7578125,90754.1640625,-0.50390625,0.020751953125,-0.813720703125,-0.7629393935203552,0.4272460639476776,0.4272460639476776,80.0,1418.0,1.0,M,M,O
90317.5,90405.390625,90641.515625,90539.765625,90658.5,90854.65625,90720.90625,90771.78125,-0.5029296875,0.020751953125,-0.8173828125,-0.7019042372703552,0.4577636420726776,0.4272460639476776,80.0,1419.0,1.0,M,M,O
90137.5234375,90224.96875,90461.359375,90359.4375,90478.34375,90674.4140625,90540.6640625,90591.4453125,-0.505615234375,0.020263671875,-0.81591796875,-0.7019042372703552,0.5493163466453552,0.4577636420726776,80.0,1420.0,1.0,M,M,O
90224.6953125,90312.4921875,90548.890625,90446.875,90565.7890625,90761.765625,90628.1953125,90679.0625,-0.505126953125,0.019775390625,-0.81298828125,-0.7324218153953552,0.4882812201976776,0.5493163466453552,80.0,1421.0,1.0,M,M,O
90477.71875,90565.25,90801.8203125,90699.8046875,90818.359375,91014.34375,90881.03125,90931.90625,-0.50439453125,0.020751953125,-0.814208984375,-0.7934569716453552,0.5187987685203552,0.3662109076976776,80.0,1422.0,1.0,M,M,O
90546.5625,90634.2734375,90870.6640625,90768.5625,90887.46875,91083.2734375,90949.4296875,91000.9296875,-0.504638671875,0.02099609375,-0.809326171875,-0.7934569716453552,0.4272460639476776,0.3967284858226776,80.0,1423.0,1.0,M,M,O
90364.3515625,90451.703125,90688.359375,90586.171875,90705.171875,90900.8828125,90766.953125,90818.71875,-0.505126953125,0.022705078125,-0.81005859375,-0.7324218153953552,0.5187987685203552,0.4272460639476776,80.0,1424.0,1.0,M,M,O
90391.171875,90478.7890625,90715.09375,90612.90625,90731.6328125,90927.6171875,90794.1328125,90845.359375,-0.505126953125,0.021728515625,-0.8134765625,-0.7629393935203552,0.5493163466453552,0.4577636420726776,80.0,1425.0,1.0,M,M,O
90643.3046875,90731.0078125,90967.3984375,90865.2109375,90984.03125,91180.015625,91046.2578125,91098.0234375,-0.505615234375,0.02197265625,-0.81494140625,-0.6713866591453552,0.4577636420726776,0.4577636420726776,80.0,1426.0,1.0,M,M,O
90761.3203125,90848.9375,91085.421875,90983.2265625,91102.2265625,91298.296875,91164.1875,91216.1328125,-0.505615234375,0.022705078125,-0.813232421875,-0.6713866591453552,0.4272460639476776,0.4577636420726776,80.0,1427.0,1.0,M,M,O
90598.8671875,90686.3984375,90922.6953125,90820.59375,90939.4140625,91135.578125,91001.8203125,91052.9609375,-0.505859375,0.021484375,-0.81298828125,-0.7019042372703552,0.4577636420726776,0.5187987685203552,80.0,1428.0,1.0,M,M,O
90563.4609375,90650.9921875,90887.0234375,90785.3671875,90903.921875,91100.171875,90966.5078125,91017.46875,-0.50537109375,0.02099609375,-0.81494140625,-0.6103515028953552,0.6103515028953552,0.4577636420726776,80.0,1429.0,1.0,M,M,O
90806.9140625,90894.359375,91130.5703125,91028.9140625,91147.6484375,91343.625,91209.9609375,91261.28125,-0.50537109375,0.02001953125,-0.8154296875,-0.6713866591453552,0.5798339247703552,0.4272460639476776,80.0,1430.0,1.0,M,M,O
90976.25,91064.2265625,91300.3515625,91198.4296875,91317.34375,91513.5859375,91379.65625,91431.2421875,-0.50390625,0.02197265625,-0.81201171875,-0.7324218153953552,0.5493163466453552,0.5187987685203552,80.0,1431.0,1.0,M,M,O
90867.53125,90955.3359375,91191.3671875,91089.53125,91208.171875,91404.6015625,91270.671875,91322.2578125,-0.504150390625,0.02197265625,-0.81201171875,-0.6103515028953552,0.4272460639476776,0.4272460639476776,80.0,1432.0,1.0,M,M,O
90822.3828125,90910.2734375,91146.0390625,91044.1171875,91163.0234375,91359.1796875,91224.890625,91276.75,-0.5048828125,0.019287109375,-0.8115234375,-0.6103515028953552,0.4882812201976776,0.4272460639476776,80.0,1433.0,1.0,M,M,O
91093.46875,91181.3515625,91417.390625,91315.28125,91434.1953125,91630.53125,91496.15625,91548.1875,-0.508544921875,0.01953125,-0.814697265625,-0.5798339247703552,0.5187987685203552,0.4272460639476776,80.0,1434.0,1.0,M,M,O
91299.546875,91387.4375,91623.9140625,91521.7265625,91640.4609375,91836.8828125,91702.7734375,91754.453125,-0.5068359375,0.02001953125,-0.817626953125,-0.7019042372703552,0.4272460639476776,0.4272460639476776,80.0,1435.0,1.0,M,M,O
91196.1015625,91283.90625,91520.296875,91418.1015625,91537.015625,91733.171875,91599.2421875,91650.921875,-0.5068359375,0.019775390625,-0.81787109375,-0.7324218153953552,0.3967284858226776,0.4272460639476776,80.0,1436.0,1.0,M,M,O
91037.9453125,91125.921875,91362.1328125,91259.8515625,91378.9453125,91575.1015625,91440.9921875,91492.7578125,-0.50634765625,0.021240234375,-0.81201171875,-0.6713866591453552,0.4882812201976776,0.3662109076976776,80.0,1437.0,1.0,M,M,O
91202.6328125,91290.25,91526.2890625,91424.453125,91543.453125,91739.5234375,91605.4140625,91657.265625,-0.508056640625,0.0224609375,-0.813720703125,-0.7324218153953552,0.4577636420726776,0.3662109076976776,80.0,1438.0,1.0,M,M,O
91419.0,91506.6171875,91742.828125,91640.90625,91759.9921875,91955.796875,91821.7734375,91873.8984375,-0.506103515625,0.01953125,-0.8134765625,-0.6408690810203552,0.6408690810203552,0.3051757514476776,80.0,1439.0,1.0,M,M,O
91379.5703125,91467.0078125,91703.7578125,91601.2109375,91720.65625,91916.3671875,91782.1640625,91834.203125,-0.504150390625,0.020263671875,-0.813232421875,-0.7019042372703552,0.5187987685203552,0.3662109076976776,80.0,1440.0,1.0,M,M,O
91203.9765625,91291.59375,91528.1640625,91425.703125,91544.96875,91740.7734375,91606.6640625,91658.6953125,-0.505615234375,0.01953125,-0.817138671875,-0.6103515028953552,0.5187987685203552,0.3662109076976776,80.0,1441.0,1.0,M,M,O
91325.296875,91412.9140625,91649.0390625,91547.03125,91665.8515625,91862.1875,91728.2578125,91780.109375,-0.50634765625,0.02099609375,-0.8134765625,-0.6408690810203552,0.4577636420726776,0.4577636420726776,80.0,1442.0,1.0,M,M,O
91562.9453125,91651.0078125,91886.7734375,91785.296875,91903.7578125,92100.0078125,91966.078125,92018.0234375,-0.505126953125,0.0224609375,-0.8115234375,-0.6408690810203552,0.4882812201976776,0.4272460639476776,80.0,1443.0,1.0,M,M,O
91585.296875,91673.359375,91909.3046875,91807.46875,91926.2890625,92122.5390625,91988.25,92040.5546875,-0.506103515625,0.02099609375,-0.811767578125,-0.6713866591453552,0.4577636420726776,0.3051757514476776,80.0,1444.0,1.0,M,M,O
91400.84375,91488.6484375,91724.6796875,91622.3046875,91741.578125,91937.828125,91803.625,91855.75,-0.506591796875,0.0234375,-0.814697265625,-0.7019042372703552,0.4577636420726776,0.4272460639476776,80.0,1445.0,1.0,M,M,O
91462.09375,91549.3515625,91785.7421875,91683.5546875,91802.4609375,91999.0703125,91864.78125,91916.7265625,-0.507568359375,0.0224609375,-0.810791015625,-0.7019042372703552,0.4882812201976776,0.3662109076976776,80.0,1446.0,1.0,M,M,O
91704.1171875,91791.734375,92028.0390625,91925.84375,92044.578125,92241.2734375,92106.984375,92159.1953125,-0.50732421875,0.02001953125,-0.81298828125,-0.6713866591453552,0.4577636420726776,0.4577636420726776,80.0,1447.0,1.0,M,M,O
91788.4296875,91876.1328125,92112.5234375,92010.15625,92129.0703125,92325.4921875,92191.4765625,92243.6875,-0.50439453125,0.02099609375,-0.812255859375,-0.7324218153953552,0.4577636420726776,0.4272460639476776,80.0,1448.0,1.0,M,M,O
91609.078125,91696.6015625,91933.0,91830.8984375,91949.71875,92145.7890625,92012.125,92064.15625,-0.50390625,0.023193359375,-0.812255859375,-0.7019042372703552,0.4882812201976776,0.4272460639476776,80.0,1449.0,1.0,M,M,O
91616.671875,91704.6484375,91940.59375,91838.40625,91957.2265625,92153.5625,92019.546875,92071.9375,-0.50537109375,0.021484375,-0.814697265625,-0.8239745497703552,0.4272460639476776,0.4577636420726776,80.0,1450.0,1.0,M,M,O
91859.234375,91947.3046875,92183.6015625,92081.234375,92199.609375,92396.5703125,92262.28125,92314.40625,-0.50537109375,0.021728515625,-0.81396484375,-0.8239745497703552,0.5187987685203552,0.3967284858226776,80.0,1451.0,1.0,M,M,O
91990.3046875,92078.1015625,92314.3203125,92212.21875,92330.859375,92527.1953125,92393.0859375,92445.65625,-0.505615234375,0.020751953125,-0.816650390625,-0.7019042372703552,0.4882812201976776,0.3967284858226776,80.0,1452.0,1.0,M,M,O
91834.6484375,91922.1796875,92158.484375,92056.3828125,92175.203125,92371.2734375,92237.4296875,92289.9140625,-0.506103515625,0.021484375,-0.814208984375,-0.7629393935203552,0.4272460639476776,0.4272460639476776,80.0,1453.0,1.0,M,M,O
91785.65625,91873.359375,92109.84375,92007.4765625,92126.4765625,92322.6328125,92188.8828125,92241.09375,-0.505126953125,0.020751953125,-0.81298828125,-0.7019042372703552,0.4882812201976776,0.3967284858226776,80.0,1454.0,1.0,M,M,O
92018.9140625,92106.984375,92343.015625,92240.734375,92359.6484375,92556.1640625,92421.9609375,92474.359375,-0.506103515625,0.021484375,-0.813720703125,-0.7019042372703552,0.4272460639476776,0.4577636420726776,80.0,1455.0,1.0,M,M,O
92188.078125,92276.5,92512.4453125,92410.1640625,92529.4296875,92725.859375,92591.125,92643.875,-0.505615234375,0.019287109375,-0.815673828125,-0.6103515028953552,0.4272460639476776,0.4882812201976776,80.0,1456.0,1.0,M,M,O
92067.46875,92155.9765625,92391.921875,92289.4609375,92408.8203125,92604.9765625,92470.421875,92523.171875,-0.50537109375,0.019287109375,-0.8154296875,-0.7324218153953552,0.3967284858226776,0.3967284858226776,80.0,1457.0,1.0,M,M,O
91958.75,92047.2578125,92283.0234375,92181.1015625,92300.28125,92496.3515625,92362.1484375,92414.71875,-0.50390625,0.02099609375,-0.816162109375,-0.6713866591453552,0.3967284858226776,0.3662109076976776,80.0,1458.0,1.0,M,M,O
92164.6484375,92252.71875,92488.6640625,92386.5625,92505.828125,92702.1640625,92567.609375,92620.1796875,-0.50341796875,0.0224609375,-0.81494140625,-0.6408690810203552,0.4577636420726776,0.4272460639476776,80.0,1459.0,1.0,M,M,O
92368.6796875,92456.7421875,92693.3125,92590.8515625,92709.765625,92906.375,92771.90625,92824.296875,-0.502685546875,0.0224609375,-0.815185546875,-0.6408690810203552,0.5798339247703552,0.4272460639476776,80.0,1460.0,1.0,M,M,O
92295.6328125,92383.609375,92620.265625,92517.8125,92636.6328125,92833.328125,92699.3046875,92751.1640625,-0.50439453125,0.021484375,-0.813720703125,-0.7324218153953552,0.6103515028953552,0.5187987685203552,80.0,1461.0,1.0,M,M,O
92143.1015625,92230.9921875,92467.46875,92364.921875,92484.015625,92680.6171875,92546.1484375,92598.453125,-0.5068359375,0.02197265625,-0.81298828125,-0.6408690810203552,0.4882812201976776,0.4272460639476776,80.0,1462.0,1.0,M,M,O
92309.1328125,92396.9296875,92633.0546875,92530.5078125,92649.859375,92846.46875,92712.09375,92764.5703125,-0.50634765625,0.021240234375,-0.813720703125,-0.7019042372703552,0.5798339247703552,0.4272460639476776,80.0,1463.0,1.0,M,M,O
92536.140625,92624.46875,92860.5078125,92757.6875,92876.953125,93073.4765625,92939.2734375,92992.109375,-0.507568359375,0.022216796875,-0.814208984375,-0.7019042372703552,0.4882812201976776,0.3967284858226776,80.0,1464.0,1.0,M,M,O
92514.140625,92602.4765625,92838.6875,92735.9609375,92854.9609375,93051.65625,92917.0078125,92969.9375,-0.50537109375,0.021484375,-0.815673828125,-0.7324218153953552,0.3967284858226776,0.4577636420726776,80.0,1465.0,1.0,M,M,O
92332.5546875,92420.3515625,92656.8359375,92554.5546875,92673.375,92869.625,92735.515625,92788.265625,-0.5048828125,0.020263671875,-0.81494140625,-0.6713866591453552,0.4272460639476776,0.4272460639476776,80.0,1466.0,1.0,M,M,O
92445.65625,92533.453125,92770.3828125,92667.65625,92786.4765625,92982.90625,92848.8828125,92901.453125,-0.505126953125,0.02001953125,-0.81787109375,-0.7019042372703552,0.4577636420726776,0.3967284858226776,80.0,1467.0,1.0,M,M,O
92688.9296875,92777.0859375,93014.015625,92910.9296875,93030.2890625,93226.71875,93092.6953125,93145.0,-0.506591796875,0.019775390625,-0.81591796875,-0.7324218153953552,0.4882812201976776,0.3967284858226776,80.0,1468.0,1.0,M,M,O
92720.40625,92808.3828125,93045.0390625,92942.1328125,93061.3125,93257.828125,93123.5390625,93176.109375,-0.505615234375,0.021240234375,-0.8154296875,-0.7324218153953552,0.5187987685203552,0.4272460639476776,80.0,1469.0,1.0,M,M,O
92528.625,92616.515625,92853.0859375,92750.1796875,92869.359375,93065.78125,92931.671875,92984.515625,-0.50634765625,0.02294921875,-0.814453125,-0.7324218153953552,0.3967284858226776,0.4577636420726776,80.0,1470.0,1.0,M,M,O
92583.5234375,92671.40625,92907.984375,92805.25,92924.5234375,93121.125,92986.75,93039.2265625,-0.505126953125,0.02099609375,-0.81591796875,-0.6103515028953552,0.4882812201976776,0.4577636420726776,80.0,1471.0,1.0,M,M,O
92832.96875,92921.390625,93157.6953125,93054.6953125,93174.0546875,93370.9296875,93236.7265625,93288.9453125,-0.504638671875,0.020751953125,-0.814208984375,-0.6103515028953552,0.3967284858226776,0.4272460639476776,80.0,1472.0,1.0,M,M,O
92917.6328125,93005.7890625,93242.1875,93139.453125,93258.7265625,93455.6015625,93321.0390625,93373.8828125,-0.505126953125,0.020263671875,-0.814453125,-0.6713866591453552,0.4272460639476776,0.4577636420726776,80.0,1473.0,1.0,M,M,O
92733.0078125,92820.984375,93057.2890625,92954.921875,93073.921875,93270.9765625,93136.0546875,93189.078125,-0.50634765625,0.020751953125,-0.81640625,-0.7629393935203552,0.4882812201976776,0.4272460639476776,80.0,1474.0,1.0,M,M,O
92724.4296875,92812.4921875,93049.0625,92946.3359375,93065.4296875,93262.296875,93127.4765625,93180.3125,-0.505859375,0.020263671875,-0.8173828125,-0.7934569716453552,0.4272460639476776,0.3662109076976776,80.0,1475.0,1.0,M,M,O
92967.6171875,93056.125,93292.6953125,93189.8828125,93309.2421875,93505.9375,93371.46875,93423.859375,-0.50439453125,0.0205078125,-0.8154296875,-0.7934569716453552,0.4882812201976776,0.3662109076976776,80.0,1476.0,1.0,M,M,O
93102.3515625,93190.2421875,93427.2578125,93323.9921875,93443.3515625,93640.3125,93505.3984375,93558.234375,-0.50634765625,0.0205078125,-0.813720703125,-0.7629393935203552,0.5493163466453552,0.4272460639476776,80.0,1477.0,1.0,M,M,O
92944.1875,93032.078125,93268.5625,93165.921875,93284.828125,93481.8828125,93346.7890625,93399.8984375,-0.50390625,0.02197265625,-0.816650390625,-0.6713866591453552,0.4882812201976776,0.4882812201976776,80.0,1478.0,1.0,M,M,O
92873.0234375,92961.265625,93197.484375,93094.5703125,93214.203125,93410.71875,93275.890625,93329.0,-0.505126953125,0.02197265625,-0.81396484375,-0.6713866591453552,0.4577636420726776,0.3662109076976776,80.0,1479.0,1.0,M,M,O
93096.09375,93184.515625,93421.0,93318.0,93437.4453125,93634.0546875,93499.765625,93552.6953125,-0.50537109375,0.02197265625,-0.81640625,-0.7019042372703552,0.5798339247703552,0.4272460639476776,80.0,1480.0,1.0,M,M,O
93269.8125,93357.96875,93594.890625,93491.8046875,93611.1640625,93807.59375,93673.6640625,93726.234375,-0.5048828125,0.021240234375,-0.814208984375,-0.6713866591453552,0.5493163466453552,0.3662109076976776,80.0,1481.0,1.0,M,M,O
93156.265625,93244.328125,93481.078125,93378.2578125,93497.0859375,93693.6875,93559.9375,93612.59375,-0.505615234375,0.02099609375,-0.8134765625,-0.5493163466453552,0.6103515028953552,0.3356933295726776,80.0,1482.0,1.0,M,M,O
93034.046875,93122.5546875,93359.0390625,93256.21875,93375.1328125,93571.828125,93437.8984375,93490.5546875,-0.506591796875,0.02294921875,-0.81396484375,-0.5493163466453552,0.4882812201976776,0.3662109076976776,80.0,1483.0,1.0,M,M,O
93226.8984375,93314.9609375,93551.7109375,93448.5390625,93567.625,93764.5859375,93630.03125,93683.140625,-0.504638671875,0.02392578125,-0.81640625,-0.5493163466453552,0.4577636420726776,0.3662109076976776,80.0,1484.0,1.0,M,M,O
93434.2265625,93522.296875,93758.8671875,93655.78125,93775.3203125,93971.7421875,93837.1875,93890.296875,-0.50390625,0.0234375,-0.813720703125,-0.5493163466453552,0.4577636420726776,0.3662109076976776,80.0,1485.0,1.0,M,M,O
93372.5390625,93460.9609375,93697.4453125,93594.359375,93713.8046875,93910.0546875,93775.9453125,93828.78125,-0.505126953125,0.0224609375,-0.81640625,-0.6408690810203552,0.4882812201976776,0.3967284858226776,80.0,1486.0,1.0,M,M,O
93210.7109375,93298.6015625,93535.4375,93432.4453125,93551.53125,93747.9609375,93613.9375,93666.6875,-0.507080078125,0.021484375,-0.814453125,-0.6713866591453552,0.4272460639476776,0.3356933295726776,80.0,1487.0,1.0,M,M,O
93357.4296875,93445.765625,93682.2421875,93579.4296875,93698.6953125,93894.8515625,93760.5625,93813.5859375,-0.506103515625,0.021728515625,-0.813720703125,-0.6713866591453552,0.5187987685203552,0.3356933295726776,80.0,1488.0,1.0,M,M,O
93583.71875,93671.9609375,93908.4453125,93805.8046875,93925.4296875,94121.5,93987.125,94040.140625,-0.505126953125,0.02197265625,-0.815185546875,-0.7019042372703552,0.5187987685203552,0.3662109076976776,80.0,1489.0,1.0,M,M,O
93577.640625,93665.796875,93901.828125,93799.4609375,93918.8125,94115.5078125,93980.6875,94033.8828125,-0.505126953125,0.021484375,-0.817138671875,-0.7629393935203552,0.4882812201976776,0.3662109076976776,80.0,1490.0,1.0,M,M,O
93394.0,93482.2421875,93718.453125,93616.0859375,93735.4453125,93931.78125,93797.1328125,93850.1484375,-0.5048828125,0.021240234375,-0.81494140625,-0.7019042372703552,0.4882812201976776,0.3051757514476776,80.0,1491.0,1.0,M,M,O
93485.28125,93573.703125,93809.921875,93707.3671875,93827.0859375,94023.2421875,93888.6875,93941.34375,-0.504150390625,0.02099609375,-0.814697265625,-0.6103515028953552,0.5187987685203552,0.2441406100988388,80.0,1492.0,1.0,M,M,O
93721.671875,93809.921875,94046.578125,93943.8515625,94063.1171875,94259.6328125,94124.8984375,94178.0078125,-0.506103515625,0.02294921875,-0.815673828125,-0.6713866591453552,0.5187987685203552,0.2441406100988388,80.0,1493.0,1.0,M,M,O
93772.1015625,93860.4296875,94096.6484375,93994.2734375,94113.453125,94310.2421875,94175.6796875,94228.7890625,-0.50634765625,0.0205078125,-0.81396484375,-0.7629393935203552,0.6408690810203552,0.3356933295726776,80.0,1494.0,1.0,M,M,O
93584.7890625,93673.3046875,93909.609375,93807.0546875,93925.96875,94122.84375,93988.109375,94041.390625,-0.50634765625,0.020263671875,-0.8154296875,-0.6713866591453552,0.5798339247703552,0.3967284858226776,80.0,1495.0,1.0,M,M,O
93608.484375,93697.0,93933.2109375,93830.9296875,93949.5703125,94146.4453125,94011.890625,94064.90625,-0.506591796875,0.01904296875,-0.814697265625,-0.7019042372703552,0.5798339247703552,0.3967284858226776,80.0,1496.0,1.0,M,M,O
93835.21875,93923.640625,94160.125,94057.578125,94176.21875,94373.0,94238.7109375,94292.09375,-0.506591796875,0.018798828125,-0.814697265625,-0.7019042372703552,0.6103515028953552,0.3967284858226776,80.0,1497.0,1.0,M,M,O
93933.03125,94021.453125,94257.9375,94155.296875,94274.2109375,94470.90625,94336.5234375,94389.6328125,-0.50537109375,0.0205078125,-0.8134765625,-0.7629393935203552,0.5798339247703552,0.3967284858226776,80.0,1498.0,1.0,M,M,O
93761.8203125,93850.0625,94086.8125,93984.171875,94103.171875,94300.046875,94165.578125,94218.5078125,-0.506103515625,0.0205078125,-0.814697265625,-0.7019042372703552,0.6408690810203552,0.3662109076976776,80.0,1499.0,1.0,M,M,O
93725.875,93813.9453125,94050.6875,93948.140625,94067.0546875,94263.8359375,94129.4609375,94182.5703125,-0.50341796875,0.02001953125,-0.81689453125,-0.7934569716453552,0.6103515028953552,0.3662109076976776,80.0,1500.0,1.0,M,M,O
